CREATE KEYSPACE Movie_activity
  WITH REPLICATION = { 
   'class' : 'SimpleStrategy', 
   'replication_factor' : 2 
  };

USE Movie_activity;

create table USER (
   USER_ID              int,
   NAME                 text,
   SURNAME              text,
   AGE                  int,
   primary key (USER_ID)
);

create table MOVIE (
   MOVIE_ID             int,
   PRODUCER          	text,
   STUDIO 				text,
   STUDIO_CREATOR 		text,
   TYPE              	text,
   RATINGS              int,
   RELEASE_DATE         date,
   FILM_DESC            text,
   primary key (MOVIE_ID)
);

create table ACTIVITY (
   MOVIE_ID          	int,
   USER_ID              int,
   NAME            		text,
   SURNAME              text,
   AGE 					int,
   DTTM 				timestamp,
   primary key (MOVIE_ID)
);

insert into movie(movie_id,producer,studio,studio_creator,type,ratings,release_date,film_desc) values (1,'Ali Gonzales','Stro','Worren Buffon','Fantasy',4,toDate(now()),'Some film desc');
insert into movie(movie_id,producer,studio,studio_creator,type,ratings,release_date,film_desc) values (2,'Zenon Luczenko','Bros','Adam Wilk','Drama',6,toDate(now()),'Some film desc');
insert into movie(movie_id,producer,studio,studio_creator,type,ratings,release_date,film_desc) values (3,'Jeremy Real','Waterloom','Rio Destina','Adventure',8,toDate(now()),'Some film desc');
insert into movie(movie_id,producer,studio,studio_creator,type,ratings,release_date,film_desc) values (4,'Jeremy Real','Waterloom','Rio Destina','Adventure',5,toDate(now()),'Some film desc');
insert into movie(movie_id,producer,studio,studio_creator,type,ratings,release_date,film_desc) values (5,'Zenon Luczenko','Bros','Adam Wilk','Drama',4,toDate(now()),'Some film desc');
insert into movie(movie_id,producer,studio,studio_creator,type,ratings,release_date,film_desc) values (6,'Linn Ash','Anderwood','Ali Ann','Horror',8,toDate(now()),'Some film desc');
insert into movie(movie_id,producer,studio,studio_creator,type,ratings,release_date,film_desc) values (7,'Ali Gonzales','Stro','Worren Buffon','Fantasy',5,toDate(now()),'Some film desc');
insert into movie(movie_id,producer,studio,studio_creator,type,ratings,release_date,film_desc) values (8,'Jeremy Real','Waterloom','Rio Destina','Adventure',2,toDate(now()),'Some film desc');
insert into movie(movie_id,producer,studio,studio_creator,type,ratings,release_date,film_desc) values (9,'Jeremy Real','Waterloom','Rio Destina','Adventure',9,toDate(now()),'Some film desc');
insert into movie(movie_id,producer,studio,studio_creator,type,ratings,release_date,film_desc) values (10,'Jeremy Real','Waterloom','Rio Destina','Adventure',1,toDate(now()),'Some film desc');
insert into movie(movie_id,producer,studio,studio_creator,type,ratings,release_date,film_desc) values (11,'Ali Gonzales','Stro','Worren Buffon','Fantasy',1,toDate(now()),'Some film desc');
insert into movie(movie_id,producer,studio,studio_creator,type,ratings,release_date,film_desc) values (12,'Jeremy Real','Waterloom','Rio Destina','Adventure',3,toDate(now()),'Some film desc');
insert into movie(movie_id,producer,studio,studio_creator,type,ratings,release_date,film_desc) values (13,'Linn Ash','Anderwood','Ali Ann','Horror',9,toDate(now()),'Some film desc');
insert into movie(movie_id,producer,studio,studio_creator,type,ratings,release_date,film_desc) values (14,'Jeremy Real','Waterloom','Rio Destina','Adventure',3,toDate(now()),'Some film desc');
insert into movie(movie_id,producer,studio,studio_creator,type,ratings,release_date,film_desc) values (15,'Ali Gonzales','Stro','Worren Buffon','Fantasy',5,toDate(now()),'Some film desc');
insert into movie(movie_id,producer,studio,studio_creator,type,ratings,release_date,film_desc) values (16,'Ali Gonzales','Stro','Worren Buffon','Fantasy',4,toDate(now()),'Some film desc');
insert into movie(movie_id,producer,studio,studio_creator,type,ratings,release_date,film_desc) values (17,'Ali Gonzales','Stro','Worren Buffon','Fantasy',7,toDate(now()),'Some film desc');
insert into movie(movie_id,producer,studio,studio_creator,type,ratings,release_date,film_desc) values (18,'Ali Gonzales','Stro','Worren Buffon','Fantasy',9,toDate(now()),'Some film desc');
insert into movie(movie_id,producer,studio,studio_creator,type,ratings,release_date,film_desc) values (19,'Zenon Luczenko','Bros','Adam Wilk','Drama',2,toDate(now()),'Some film desc');
insert into movie(movie_id,producer,studio,studio_creator,type,ratings,release_date,film_desc) values (20,'Linn Ash','Anderwood','Ali Ann','Horror',8,toDate(now()),'Some film desc');
insert into movie(movie_id,producer,studio,studio_creator,type,ratings,release_date,film_desc) values (21,'Rita Ariel','Erwing','Estefania Blada','Comedy',6,toDate(now()),'Some film desc');
insert into movie(movie_id,producer,studio,studio_creator,type,ratings,release_date,film_desc) values (22,'Ali Gonzales','Stro','Worren Buffon','Fantasy',4,toDate(now()),'Some film desc');
insert into movie(movie_id,producer,studio,studio_creator,type,ratings,release_date,film_desc) values (23,'Zenon Luczenko','Bros','Adam Wilk','Drama',1,toDate(now()),'Some film desc');
insert into movie(movie_id,producer,studio,studio_creator,type,ratings,release_date,film_desc) values (24,'Rita Ariel','Erwing','Estefania Blada','Comedy',10,toDate(now()),'Some film desc');
insert into movie(movie_id,producer,studio,studio_creator,type,ratings,release_date,film_desc) values (25,'Zenon Luczenko','Bros','Adam Wilk','Drama',3,toDate(now()),'Some film desc');
insert into movie(movie_id,producer,studio,studio_creator,type,ratings,release_date,film_desc) values (26,'Zenon Luczenko','Bros','Adam Wilk','Drama',8,toDate(now()),'Some film desc');
insert into movie(movie_id,producer,studio,studio_creator,type,ratings,release_date,film_desc) values (27,'Linn Ash','Anderwood','Ali Ann','Horror',9,toDate(now()),'Some film desc');
insert into movie(movie_id,producer,studio,studio_creator,type,ratings,release_date,film_desc) values (28,'Rita Ariel','Erwing','Estefania Blada','Comedy',7,toDate(now()),'Some film desc');
insert into movie(movie_id,producer,studio,studio_creator,type,ratings,release_date,film_desc) values (29,'Ali Gonzales','Stro','Worren Buffon','Fantasy',1,toDate(now()),'Some film desc');
insert into movie(movie_id,producer,studio,studio_creator,type,ratings,release_date,film_desc) values (30,'Jeremy Real','Waterloom','Rio Destina','Adventure',10,toDate(now()),'Some film desc');
insert into movie(movie_id,producer,studio,studio_creator,type,ratings,release_date,film_desc) values (31,'Jeremy Real','Waterloom','Rio Destina','Adventure',3,toDate(now()),'Some film desc');
insert into movie(movie_id,producer,studio,studio_creator,type,ratings,release_date,film_desc) values (32,'Ali Gonzales','Stro','Worren Buffon','Fantasy',6,toDate(now()),'Some film desc');
insert into movie(movie_id,producer,studio,studio_creator,type,ratings,release_date,film_desc) values (33,'Rita Ariel','Erwing','Estefania Blada','Comedy',6,toDate(now()),'Some film desc');
insert into movie(movie_id,producer,studio,studio_creator,type,ratings,release_date,film_desc) values (34,'Zenon Luczenko','Bros','Adam Wilk','Drama',3,toDate(now()),'Some film desc');
insert into movie(movie_id,producer,studio,studio_creator,type,ratings,release_date,film_desc) values (35,'Zenon Luczenko','Bros','Adam Wilk','Drama',10,toDate(now()),'Some film desc');
insert into movie(movie_id,producer,studio,studio_creator,type,ratings,release_date,film_desc) values (36,'Ali Gonzales','Stro','Worren Buffon','Fantasy',5,toDate(now()),'Some film desc');
insert into movie(movie_id,producer,studio,studio_creator,type,ratings,release_date,film_desc) values (37,'Rita Ariel','Erwing','Estefania Blada','Comedy',10,toDate(now()),'Some film desc');
insert into movie(movie_id,producer,studio,studio_creator,type,ratings,release_date,film_desc) values (38,'Rita Ariel','Erwing','Estefania Blada','Comedy',1,toDate(now()),'Some film desc');
insert into movie(movie_id,producer,studio,studio_creator,type,ratings,release_date,film_desc) values (39,'Ali Gonzales','Stro','Worren Buffon','Fantasy',2,toDate(now()),'Some film desc');
insert into movie(movie_id,producer,studio,studio_creator,type,ratings,release_date,film_desc) values (40,'Jeremy Real','Waterloom','Rio Destina','Adventure',4,toDate(now()),'Some film desc');
insert into movie(movie_id,producer,studio,studio_creator,type,ratings,release_date,film_desc) values (41,'Ali Gonzales','Stro','Worren Buffon','Fantasy',6,toDate(now()),'Some film desc');
insert into movie(movie_id,producer,studio,studio_creator,type,ratings,release_date,film_desc) values (42,'Jeremy Real','Waterloom','Rio Destina','Adventure',9,toDate(now()),'Some film desc');
insert into movie(movie_id,producer,studio,studio_creator,type,ratings,release_date,film_desc) values (43,'Rita Ariel','Erwing','Estefania Blada','Comedy',1,toDate(now()),'Some film desc');
insert into movie(movie_id,producer,studio,studio_creator,type,ratings,release_date,film_desc) values (44,'Ali Gonzales','Stro','Worren Buffon','Fantasy',2,toDate(now()),'Some film desc');
insert into movie(movie_id,producer,studio,studio_creator,type,ratings,release_date,film_desc) values (45,'Rita Ariel','Erwing','Estefania Blada','Comedy',4,toDate(now()),'Some film desc');
insert into movie(movie_id,producer,studio,studio_creator,type,ratings,release_date,film_desc) values (46,'Rita Ariel','Erwing','Estefania Blada','Comedy',7,toDate(now()),'Some film desc');
insert into movie(movie_id,producer,studio,studio_creator,type,ratings,release_date,film_desc) values (47,'Zenon Luczenko','Bros','Adam Wilk','Drama',1,toDate(now()),'Some film desc');
insert into movie(movie_id,producer,studio,studio_creator,type,ratings,release_date,film_desc) values (48,'Rita Ariel','Erwing','Estefania Blada','Comedy',7,toDate(now()),'Some film desc');
insert into movie(movie_id,producer,studio,studio_creator,type,ratings,release_date,film_desc) values (49,'Ali Gonzales','Stro','Worren Buffon','Fantasy',1,toDate(now()),'Some film desc');
insert into movie(movie_id,producer,studio,studio_creator,type,ratings,release_date,film_desc) values (50,'Linn Ash','Anderwood','Ali Ann','Horror',8,toDate(now()),'Some film desc');
insert into movie(movie_id,producer,studio,studio_creator,type,ratings,release_date,film_desc) values (51,'Zenon Luczenko','Bros','Adam Wilk','Drama',10,toDate(now()),'Some film desc');
insert into movie(movie_id,producer,studio,studio_creator,type,ratings,release_date,film_desc) values (52,'Zenon Luczenko','Bros','Adam Wilk','Drama',8,toDate(now()),'Some film desc');
insert into movie(movie_id,producer,studio,studio_creator,type,ratings,release_date,film_desc) values (53,'Linn Ash','Anderwood','Ali Ann','Horror',5,toDate(now()),'Some film desc');
insert into movie(movie_id,producer,studio,studio_creator,type,ratings,release_date,film_desc) values (54,'Zenon Luczenko','Bros','Adam Wilk','Drama',6,toDate(now()),'Some film desc');
insert into movie(movie_id,producer,studio,studio_creator,type,ratings,release_date,film_desc) values (55,'Linn Ash','Anderwood','Ali Ann','Horror',9,toDate(now()),'Some film desc');
insert into movie(movie_id,producer,studio,studio_creator,type,ratings,release_date,film_desc) values (56,'Linn Ash','Anderwood','Ali Ann','Horror',6,toDate(now()),'Some film desc');
insert into movie(movie_id,producer,studio,studio_creator,type,ratings,release_date,film_desc) values (57,'Zenon Luczenko','Bros','Adam Wilk','Drama',7,toDate(now()),'Some film desc');
insert into movie(movie_id,producer,studio,studio_creator,type,ratings,release_date,film_desc) values (58,'Zenon Luczenko','Bros','Adam Wilk','Drama',6,toDate(now()),'Some film desc');
insert into movie(movie_id,producer,studio,studio_creator,type,ratings,release_date,film_desc) values (59,'Linn Ash','Anderwood','Ali Ann','Horror',10,toDate(now()),'Some film desc');
insert into movie(movie_id,producer,studio,studio_creator,type,ratings,release_date,film_desc) values (60,'Ali Gonzales','Stro','Worren Buffon','Fantasy',3,toDate(now()),'Some film desc');
insert into movie(movie_id,producer,studio,studio_creator,type,ratings,release_date,film_desc) values (61,'Linn Ash','Anderwood','Ali Ann','Horror',6,toDate(now()),'Some film desc');
insert into movie(movie_id,producer,studio,studio_creator,type,ratings,release_date,film_desc) values (62,'Zenon Luczenko','Bros','Adam Wilk','Drama',2,toDate(now()),'Some film desc');
insert into movie(movie_id,producer,studio,studio_creator,type,ratings,release_date,film_desc) values (63,'Zenon Luczenko','Bros','Adam Wilk','Drama',6,toDate(now()),'Some film desc');
insert into movie(movie_id,producer,studio,studio_creator,type,ratings,release_date,film_desc) values (64,'Jeremy Real','Waterloom','Rio Destina','Adventure',8,toDate(now()),'Some film desc');
insert into movie(movie_id,producer,studio,studio_creator,type,ratings,release_date,film_desc) values (65,'Linn Ash','Anderwood','Ali Ann','Horror',7,toDate(now()),'Some film desc');
insert into movie(movie_id,producer,studio,studio_creator,type,ratings,release_date,film_desc) values (66,'Rita Ariel','Erwing','Estefania Blada','Comedy',6,toDate(now()),'Some film desc');
insert into movie(movie_id,producer,studio,studio_creator,type,ratings,release_date,film_desc) values (67,'Linn Ash','Anderwood','Ali Ann','Horror',7,toDate(now()),'Some film desc');
insert into movie(movie_id,producer,studio,studio_creator,type,ratings,release_date,film_desc) values (68,'Jeremy Real','Waterloom','Rio Destina','Adventure',10,toDate(now()),'Some film desc');
insert into movie(movie_id,producer,studio,studio_creator,type,ratings,release_date,film_desc) values (69,'Linn Ash','Anderwood','Ali Ann','Horror',5,toDate(now()),'Some film desc');
insert into movie(movie_id,producer,studio,studio_creator,type,ratings,release_date,film_desc) values (70,'Rita Ariel','Erwing','Estefania Blada','Comedy',9,toDate(now()),'Some film desc');
insert into movie(movie_id,producer,studio,studio_creator,type,ratings,release_date,film_desc) values (71,'Ali Gonzales','Stro','Worren Buffon','Fantasy',9,toDate(now()),'Some film desc');
insert into movie(movie_id,producer,studio,studio_creator,type,ratings,release_date,film_desc) values (72,'Ali Gonzales','Stro','Worren Buffon','Fantasy',8,toDate(now()),'Some film desc');
insert into movie(movie_id,producer,studio,studio_creator,type,ratings,release_date,film_desc) values (73,'Ali Gonzales','Stro','Worren Buffon','Fantasy',8,toDate(now()),'Some film desc');
insert into movie(movie_id,producer,studio,studio_creator,type,ratings,release_date,film_desc) values (74,'Ali Gonzales','Stro','Worren Buffon','Fantasy',5,toDate(now()),'Some film desc');
insert into movie(movie_id,producer,studio,studio_creator,type,ratings,release_date,film_desc) values (75,'Linn Ash','Anderwood','Ali Ann','Horror',2,toDate(now()),'Some film desc');
insert into movie(movie_id,producer,studio,studio_creator,type,ratings,release_date,film_desc) values (76,'Ali Gonzales','Stro','Worren Buffon','Fantasy',1,toDate(now()),'Some film desc');
insert into movie(movie_id,producer,studio,studio_creator,type,ratings,release_date,film_desc) values (77,'Ali Gonzales','Stro','Worren Buffon','Fantasy',2,toDate(now()),'Some film desc');
insert into movie(movie_id,producer,studio,studio_creator,type,ratings,release_date,film_desc) values (78,'Rita Ariel','Erwing','Estefania Blada','Comedy',8,toDate(now()),'Some film desc');
insert into movie(movie_id,producer,studio,studio_creator,type,ratings,release_date,film_desc) values (79,'Rita Ariel','Erwing','Estefania Blada','Comedy',6,toDate(now()),'Some film desc');
insert into movie(movie_id,producer,studio,studio_creator,type,ratings,release_date,film_desc) values (80,'Zenon Luczenko','Bros','Adam Wilk','Drama',6,toDate(now()),'Some film desc');
insert into movie(movie_id,producer,studio,studio_creator,type,ratings,release_date,film_desc) values (81,'Linn Ash','Anderwood','Ali Ann','Horror',3,toDate(now()),'Some film desc');
insert into movie(movie_id,producer,studio,studio_creator,type,ratings,release_date,film_desc) values (82,'Ali Gonzales','Stro','Worren Buffon','Fantasy',7,toDate(now()),'Some film desc');
insert into movie(movie_id,producer,studio,studio_creator,type,ratings,release_date,film_desc) values (83,'Rita Ariel','Erwing','Estefania Blada','Comedy',9,toDate(now()),'Some film desc');
insert into movie(movie_id,producer,studio,studio_creator,type,ratings,release_date,film_desc) values (84,'Linn Ash','Anderwood','Ali Ann','Horror',3,toDate(now()),'Some film desc');
insert into movie(movie_id,producer,studio,studio_creator,type,ratings,release_date,film_desc) values (85,'Jeremy Real','Waterloom','Rio Destina','Adventure',5,toDate(now()),'Some film desc');
insert into movie(movie_id,producer,studio,studio_creator,type,ratings,release_date,film_desc) values (86,'Zenon Luczenko','Bros','Adam Wilk','Drama',4,toDate(now()),'Some film desc');
insert into movie(movie_id,producer,studio,studio_creator,type,ratings,release_date,film_desc) values (87,'Zenon Luczenko','Bros','Adam Wilk','Drama',7,toDate(now()),'Some film desc');
insert into movie(movie_id,producer,studio,studio_creator,type,ratings,release_date,film_desc) values (88,'Zenon Luczenko','Bros','Adam Wilk','Drama',9,toDate(now()),'Some film desc');
insert into movie(movie_id,producer,studio,studio_creator,type,ratings,release_date,film_desc) values (89,'Linn Ash','Anderwood','Ali Ann','Horror',5,toDate(now()),'Some film desc');
insert into movie(movie_id,producer,studio,studio_creator,type,ratings,release_date,film_desc) values (90,'Jeremy Real','Waterloom','Rio Destina','Adventure',9,toDate(now()),'Some film desc');
insert into movie(movie_id,producer,studio,studio_creator,type,ratings,release_date,film_desc) values (91,'Linn Ash','Anderwood','Ali Ann','Horror',10,toDate(now()),'Some film desc');
insert into movie(movie_id,producer,studio,studio_creator,type,ratings,release_date,film_desc) values (92,'Rita Ariel','Erwing','Estefania Blada','Comedy',3,toDate(now()),'Some film desc');
insert into movie(movie_id,producer,studio,studio_creator,type,ratings,release_date,film_desc) values (93,'Rita Ariel','Erwing','Estefania Blada','Comedy',6,toDate(now()),'Some film desc');
insert into movie(movie_id,producer,studio,studio_creator,type,ratings,release_date,film_desc) values (94,'Linn Ash','Anderwood','Ali Ann','Horror',7,toDate(now()),'Some film desc');
insert into movie(movie_id,producer,studio,studio_creator,type,ratings,release_date,film_desc) values (95,'Ali Gonzales','Stro','Worren Buffon','Fantasy',1,toDate(now()),'Some film desc');
insert into movie(movie_id,producer,studio,studio_creator,type,ratings,release_date,film_desc) values (96,'Jeremy Real','Waterloom','Rio Destina','Adventure',1,toDate(now()),'Some film desc');
insert into movie(movie_id,producer,studio,studio_creator,type,ratings,release_date,film_desc) values (97,'Linn Ash','Anderwood','Ali Ann','Horror',3,toDate(now()),'Some film desc');
insert into movie(movie_id,producer,studio,studio_creator,type,ratings,release_date,film_desc) values (98,'Linn Ash','Anderwood','Ali Ann','Horror',8,toDate(now()),'Some film desc');
insert into movie(movie_id,producer,studio,studio_creator,type,ratings,release_date,film_desc) values (99,'Ali Gonzales','Stro','Worren Buffon','Fantasy',4,toDate(now()),'Some film desc');
insert into movie(movie_id,producer,studio,studio_creator,type,ratings,release_date,film_desc) values (100,'Zenon Luczenko','Bros','Adam Wilk','Drama',4,toDate(now()),'Some film desc');
insert into user(user_id,name,surname,age) values (1,'Florian','Starek',15);
insert into activity(movie_id,user_id,name,surname,age,dttm) values(2,1,'Florian','Starek',15,toTimestamp(now()));
insert into activity(movie_id,user_id,name,surname,age,dttm) values(4,1,'Florian','Starek',15,toTimestamp(now()));
insert into user(user_id,name,surname,age) values (2,'Ksenia','Kasprzak',34);
insert into activity(movie_id,user_id,name,surname,age,dttm) values(52,2,'Ksenia','Kasprzak',34,toTimestamp(now()));
insert into activity(movie_id,user_id,name,surname,age,dttm) values(46,2,'Ksenia','Kasprzak',34,toTimestamp(now()));
insert into user(user_id,name,surname,age) values (3,'Świętopełk','Starosta',18);
insert into activity(movie_id,user_id,name,surname,age,dttm) values(72,3,'Świętopełk','Starosta',18,toTimestamp(now()));
insert into activity(movie_id,user_id,name,surname,age,dttm) values(37,3,'Świętopełk','Starosta',18,toTimestamp(now()));
insert into user(user_id,name,surname,age) values (4,'Adam','Gomułka',28);
insert into activity(movie_id,user_id,name,surname,age,dttm) values(3,4,'Adam','Gomułka',28,toTimestamp(now()));
insert into activity(movie_id,user_id,name,surname,age,dttm) values(91,4,'Adam','Gomułka',28,toTimestamp(now()));
insert into user(user_id,name,surname,age) values (5,'Anika','Andrysiak',24);
insert into activity(movie_id,user_id,name,surname,age,dttm) values(16,5,'Anika','Andrysiak',24,toTimestamp(now()));
insert into activity(movie_id,user_id,name,surname,age,dttm) values(47,5,'Anika','Andrysiak',24,toTimestamp(now()));
insert into user(user_id,name,surname,age) values (6,'Walenty','Wyrzykowski',26);
insert into activity(movie_id,user_id,name,surname,age,dttm) values(74,6,'Walenty','Wyrzykowski',26,toTimestamp(now()));
insert into activity(movie_id,user_id,name,surname,age,dttm) values(14,6,'Walenty','Wyrzykowski',26,toTimestamp(now()));
insert into user(user_id,name,surname,age) values (7,'Jeremiasz','Wójcik',37);
insert into activity(movie_id,user_id,name,surname,age,dttm) values(29,7,'Jeremiasz','Wójcik',37,toTimestamp(now()));
insert into activity(movie_id,user_id,name,surname,age,dttm) values(25,7,'Jeremiasz','Wójcik',37,toTimestamp(now()));
insert into user(user_id,name,surname,age) values (8,'Władysława','Fabian',35);
insert into activity(movie_id,user_id,name,surname,age,dttm) values(44,8,'Władysława','Fabian',35,toTimestamp(now()));
insert into activity(movie_id,user_id,name,surname,age,dttm) values(31,8,'Władysława','Fabian',35,toTimestamp(now()));
insert into user(user_id,name,surname,age) values (9,'Eligia','Jaskulski',32);
insert into activity(movie_id,user_id,name,surname,age,dttm) values(76,9,'Eligia','Jaskulski',32,toTimestamp(now()));
insert into activity(movie_id,user_id,name,surname,age,dttm) values(19,9,'Eligia','Jaskulski',32,toTimestamp(now()));
insert into user(user_id,name,surname,age) values (10,'Matylda','Bartosz',37);
insert into activity(movie_id,user_id,name,surname,age,dttm) values(92,10,'Matylda','Bartosz',37,toTimestamp(now()));
insert into activity(movie_id,user_id,name,surname,age,dttm) values(90,10,'Matylda','Bartosz',37,toTimestamp(now()));
insert into user(user_id,name,surname,age) values (11,'Renia','Ostrowski',23);
insert into activity(movie_id,user_id,name,surname,age,dttm) values(18,11,'Renia','Ostrowski',23,toTimestamp(now()));
insert into activity(movie_id,user_id,name,surname,age,dttm) values(63,11,'Renia','Ostrowski',23,toTimestamp(now()));
insert into user(user_id,name,surname,age) values (12,'Lidia','Janowski',28);
insert into activity(movie_id,user_id,name,surname,age,dttm) values(56,12,'Lidia','Janowski',28,toTimestamp(now()));
insert into activity(movie_id,user_id,name,surname,age,dttm) values(53,12,'Lidia','Janowski',28,toTimestamp(now()));
insert into user(user_id,name,surname,age) values (13,'Olek','Ślusarski',33);
insert into activity(movie_id,user_id,name,surname,age,dttm) values(94,13,'Olek','Ślusarski',33,toTimestamp(now()));
insert into activity(movie_id,user_id,name,surname,age,dttm) values(1,13,'Olek','Ślusarski',33,toTimestamp(now()));
insert into user(user_id,name,surname,age) values (14,'Benedykt','Wojewoda',35);
insert into activity(movie_id,user_id,name,surname,age,dttm) values(24,14,'Benedykt','Wojewoda',35,toTimestamp(now()));
insert into activity(movie_id,user_id,name,surname,age,dttm) values(8,14,'Benedykt','Wojewoda',35,toTimestamp(now()));
insert into user(user_id,name,surname,age) values (15,'Józefina','Wawrzaszek',36);
insert into activity(movie_id,user_id,name,surname,age,dttm) values(31,15,'Józefina','Wawrzaszek',36,toTimestamp(now()));
insert into activity(movie_id,user_id,name,surname,age,dttm) values(22,15,'Józefina','Wawrzaszek',36,toTimestamp(now()));
insert into user(user_id,name,surname,age) values (16,'Zosia','Marek',32);
insert into activity(movie_id,user_id,name,surname,age,dttm) values(92,16,'Zosia','Marek',32,toTimestamp(now()));
insert into activity(movie_id,user_id,name,surname,age,dttm) values(85,16,'Zosia','Marek',32,toTimestamp(now()));
insert into user(user_id,name,surname,age) values (17,'Anka','Szwarc',18);
insert into activity(movie_id,user_id,name,surname,age,dttm) values(42,17,'Anka','Szwarc',18,toTimestamp(now()));
insert into activity(movie_id,user_id,name,surname,age,dttm) values(55,17,'Anka','Szwarc',18,toTimestamp(now()));
insert into user(user_id,name,surname,age) values (18,'Małgorzata','Róg',32);
insert into activity(movie_id,user_id,name,surname,age,dttm) values(85,18,'Małgorzata','Róg',32,toTimestamp(now()));
insert into activity(movie_id,user_id,name,surname,age,dttm) values(40,18,'Małgorzata','Róg',32,toTimestamp(now()));
insert into user(user_id,name,surname,age) values (19,'Ania','Wiśniewski',27);
insert into activity(movie_id,user_id,name,surname,age,dttm) values(5,19,'Ania','Wiśniewski',27,toTimestamp(now()));
insert into activity(movie_id,user_id,name,surname,age,dttm) values(18,19,'Ania','Wiśniewski',27,toTimestamp(now()));
insert into user(user_id,name,surname,age) values (20,'Apolonia','Kumięga',39);
insert into activity(movie_id,user_id,name,surname,age,dttm) values(80,20,'Apolonia','Kumięga',39,toTimestamp(now()));
insert into activity(movie_id,user_id,name,surname,age,dttm) values(53,20,'Apolonia','Kumięga',39,toTimestamp(now()));
insert into user(user_id,name,surname,age) values (21,'Franciszka','Bukoski',29);
insert into activity(movie_id,user_id,name,surname,age,dttm) values(53,21,'Franciszka','Bukoski',29,toTimestamp(now()));
insert into activity(movie_id,user_id,name,surname,age,dttm) values(77,21,'Franciszka','Bukoski',29,toTimestamp(now()));
insert into user(user_id,name,surname,age) values (22,'Hania','Sierżant',20);
insert into activity(movie_id,user_id,name,surname,age,dttm) values(40,22,'Hania','Sierżant',20,toTimestamp(now()));
insert into activity(movie_id,user_id,name,surname,age,dttm) values(80,22,'Hania','Sierżant',20,toTimestamp(now()));
insert into user(user_id,name,surname,age) values (23,'August','Adam',24);
insert into activity(movie_id,user_id,name,surname,age,dttm) values(3,23,'August','Adam',24,toTimestamp(now()));
insert into activity(movie_id,user_id,name,surname,age,dttm) values(96,23,'August','Adam',24,toTimestamp(now()));
insert into user(user_id,name,surname,age) values (24,'Matylda','Ostrowski',28);
insert into activity(movie_id,user_id,name,surname,age,dttm) values(76,24,'Matylda','Ostrowski',28,toTimestamp(now()));
insert into activity(movie_id,user_id,name,surname,age,dttm) values(81,24,'Matylda','Ostrowski',28,toTimestamp(now()));
insert into user(user_id,name,surname,age) values (25,'Eustachy','Stankiewicz',23);
insert into activity(movie_id,user_id,name,surname,age,dttm) values(81,25,'Eustachy','Stankiewicz',23,toTimestamp(now()));
insert into activity(movie_id,user_id,name,surname,age,dttm) values(21,25,'Eustachy','Stankiewicz',23,toTimestamp(now()));
insert into user(user_id,name,surname,age) values (26,'Teodozja','Adam',18);
insert into activity(movie_id,user_id,name,surname,age,dttm) values(25,26,'Teodozja','Adam',18,toTimestamp(now()));
insert into activity(movie_id,user_id,name,surname,age,dttm) values(59,26,'Teodozja','Adam',18,toTimestamp(now()));
insert into user(user_id,name,surname,age) values (27,'Alicja','Wrona',18);
insert into activity(movie_id,user_id,name,surname,age,dttm) values(21,27,'Alicja','Wrona',18,toTimestamp(now()));
insert into activity(movie_id,user_id,name,surname,age,dttm) values(24,27,'Alicja','Wrona',18,toTimestamp(now()));
insert into user(user_id,name,surname,age) values (28,'Ziemowit','Bukoski',38);
insert into activity(movie_id,user_id,name,surname,age,dttm) values(63,28,'Ziemowit','Bukoski',38,toTimestamp(now()));
insert into activity(movie_id,user_id,name,surname,age,dttm) values(47,28,'Ziemowit','Bukoski',38,toTimestamp(now()));
insert into user(user_id,name,surname,age) values (29,'Benedykt','Rudawski',29);
insert into activity(movie_id,user_id,name,surname,age,dttm) values(43,29,'Benedykt','Rudawski',29,toTimestamp(now()));
insert into activity(movie_id,user_id,name,surname,age,dttm) values(8,29,'Benedykt','Rudawski',29,toTimestamp(now()));
insert into user(user_id,name,surname,age) values (30,'Danuta','Janda',37);
insert into activity(movie_id,user_id,name,surname,age,dttm) values(18,30,'Danuta','Janda',37,toTimestamp(now()));
insert into activity(movie_id,user_id,name,surname,age,dttm) values(57,30,'Danuta','Janda',37,toTimestamp(now()));
insert into user(user_id,name,surname,age) values (31,'Zygmunt','Szymański',17);
insert into activity(movie_id,user_id,name,surname,age,dttm) values(5,31,'Zygmunt','Szymański',17,toTimestamp(now()));
insert into activity(movie_id,user_id,name,surname,age,dttm) values(1,31,'Zygmunt','Szymański',17,toTimestamp(now()));
insert into user(user_id,name,surname,age) values (32,'Bonifacy','Rutkowski',30);
insert into activity(movie_id,user_id,name,surname,age,dttm) values(51,32,'Bonifacy','Rutkowski',30,toTimestamp(now()));
insert into activity(movie_id,user_id,name,surname,age,dttm) values(90,32,'Bonifacy','Rutkowski',30,toTimestamp(now()));
insert into user(user_id,name,surname,age) values (33,'Marzanna','Ryba',38);
insert into activity(movie_id,user_id,name,surname,age,dttm) values(33,33,'Marzanna','Ryba',38,toTimestamp(now()));
insert into activity(movie_id,user_id,name,surname,age,dttm) values(40,33,'Marzanna','Ryba',38,toTimestamp(now()));
insert into user(user_id,name,surname,age) values (34,'Damian','Sienkiewicz',26);
insert into activity(movie_id,user_id,name,surname,age,dttm) values(6,34,'Damian','Sienkiewicz',26,toTimestamp(now()));
insert into activity(movie_id,user_id,name,surname,age,dttm) values(73,34,'Damian','Sienkiewicz',26,toTimestamp(now()));
insert into user(user_id,name,surname,age) values (35,'Eustachy','Jagoda',38);
insert into activity(movie_id,user_id,name,surname,age,dttm) values(25,35,'Eustachy','Jagoda',38,toTimestamp(now()));
insert into activity(movie_id,user_id,name,surname,age,dttm) values(44,35,'Eustachy','Jagoda',38,toTimestamp(now()));
insert into user(user_id,name,surname,age) values (36,'Radek','Pokorny',18);
insert into activity(movie_id,user_id,name,surname,age,dttm) values(33,36,'Radek','Pokorny',18,toTimestamp(now()));
insert into activity(movie_id,user_id,name,surname,age,dttm) values(1,36,'Radek','Pokorny',18,toTimestamp(now()));
insert into user(user_id,name,surname,age) values (37,'Felicyta','Jeleń',27);
insert into activity(movie_id,user_id,name,surname,age,dttm) values(3,37,'Felicyta','Jeleń',27,toTimestamp(now()));
insert into activity(movie_id,user_id,name,surname,age,dttm) values(48,37,'Felicyta','Jeleń',27,toTimestamp(now()));
insert into user(user_id,name,surname,age) values (38,'Teodora','Sikora',24);
insert into activity(movie_id,user_id,name,surname,age,dttm) values(8,38,'Teodora','Sikora',24,toTimestamp(now()));
insert into activity(movie_id,user_id,name,surname,age,dttm) values(7,38,'Teodora','Sikora',24,toTimestamp(now()));
insert into user(user_id,name,surname,age) values (39,'Krystyn','Żuraw',38);
insert into activity(movie_id,user_id,name,surname,age,dttm) values(4,39,'Krystyn','Żuraw',38,toTimestamp(now()));
insert into activity(movie_id,user_id,name,surname,age,dttm) values(72,39,'Krystyn','Żuraw',38,toTimestamp(now()));
insert into user(user_id,name,surname,age) values (40,'Łukasz','Warszawski',34);
insert into activity(movie_id,user_id,name,surname,age,dttm) values(35,40,'Łukasz','Warszawski',34,toTimestamp(now()));
insert into activity(movie_id,user_id,name,surname,age,dttm) values(73,40,'Łukasz','Warszawski',34,toTimestamp(now()));
insert into user(user_id,name,surname,age) values (41,'Edyta','Rutkowski',30);
insert into activity(movie_id,user_id,name,surname,age,dttm) values(96,41,'Edyta','Rutkowski',30,toTimestamp(now()));
insert into activity(movie_id,user_id,name,surname,age,dttm) values(54,41,'Edyta','Rutkowski',30,toTimestamp(now()));
insert into user(user_id,name,surname,age) values (42,'Oliwier','Stankiewicz',18);
insert into activity(movie_id,user_id,name,surname,age,dttm) values(47,42,'Oliwier','Stankiewicz',18,toTimestamp(now()));
insert into activity(movie_id,user_id,name,surname,age,dttm) values(76,42,'Oliwier','Stankiewicz',18,toTimestamp(now()));
insert into user(user_id,name,surname,age) values (43,'Klaudiusz','Szwarc',22);
insert into activity(movie_id,user_id,name,surname,age,dttm) values(45,43,'Klaudiusz','Szwarc',22,toTimestamp(now()));
insert into activity(movie_id,user_id,name,surname,age,dttm) values(90,43,'Klaudiusz','Szwarc',22,toTimestamp(now()));
insert into user(user_id,name,surname,age) values (44,'Marysia','Gomułka',14);
insert into activity(movie_id,user_id,name,surname,age,dttm) values(90,44,'Marysia','Gomułka',14,toTimestamp(now()));
insert into activity(movie_id,user_id,name,surname,age,dttm) values(97,44,'Marysia','Gomułka',14,toTimestamp(now()));
insert into user(user_id,name,surname,age) values (45,'Iza','Czajka',36);
insert into activity(movie_id,user_id,name,surname,age,dttm) values(70,45,'Iza','Czajka',36,toTimestamp(now()));
insert into activity(movie_id,user_id,name,surname,age,dttm) values(85,45,'Iza','Czajka',36,toTimestamp(now()));
insert into user(user_id,name,surname,age) values (46,'Arkadiusz','Wyrick',23);
insert into activity(movie_id,user_id,name,surname,age,dttm) values(6,46,'Arkadiusz','Wyrick',23,toTimestamp(now()));
insert into activity(movie_id,user_id,name,surname,age,dttm) values(14,46,'Arkadiusz','Wyrick',23,toTimestamp(now()));
insert into user(user_id,name,surname,age) values (47,'Kornelia','Szweda',38);
insert into activity(movie_id,user_id,name,surname,age,dttm) values(63,47,'Kornelia','Szweda',38,toTimestamp(now()));
insert into activity(movie_id,user_id,name,surname,age,dttm) values(13,47,'Kornelia','Szweda',38,toTimestamp(now()));
insert into user(user_id,name,surname,age) values (48,'Ewelina','Ząbek',13);
insert into activity(movie_id,user_id,name,surname,age,dttm) values(62,48,'Ewelina','Ząbek',13,toTimestamp(now()));
insert into activity(movie_id,user_id,name,surname,age,dttm) values(59,48,'Ewelina','Ząbek',13,toTimestamp(now()));
insert into user(user_id,name,surname,age) values (49,'Konstanty','Zieliński',32);
insert into activity(movie_id,user_id,name,surname,age,dttm) values(77,49,'Konstanty','Zieliński',32,toTimestamp(now()));
insert into activity(movie_id,user_id,name,surname,age,dttm) values(8,49,'Konstanty','Zieliński',32,toTimestamp(now()));
insert into user(user_id,name,surname,age) values (50,'Ziemowit','Wronski',24);
insert into activity(movie_id,user_id,name,surname,age,dttm) values(52,50,'Ziemowit','Wronski',24,toTimestamp(now()));
insert into activity(movie_id,user_id,name,surname,age,dttm) values(43,50,'Ziemowit','Wronski',24,toTimestamp(now()));
insert into user(user_id,name,surname,age) values (51,'Ferdynand','Kałuża',25);
insert into activity(movie_id,user_id,name,surname,age,dttm) values(11,51,'Ferdynand','Kałuża',25,toTimestamp(now()));
insert into activity(movie_id,user_id,name,surname,age,dttm) values(5,51,'Ferdynand','Kałuża',25,toTimestamp(now()));
insert into user(user_id,name,surname,age) values (52,'Benedykta','Woźniak',24);
insert into activity(movie_id,user_id,name,surname,age,dttm) values(87,52,'Benedykta','Woźniak',24,toTimestamp(now()));
insert into activity(movie_id,user_id,name,surname,age,dttm) values(61,52,'Benedykta','Woźniak',24,toTimestamp(now()));
insert into user(user_id,name,surname,age) values (53,'Stefania','Żukowski',15);
insert into activity(movie_id,user_id,name,surname,age,dttm) values(14,53,'Stefania','Żukowski',15,toTimestamp(now()));
insert into activity(movie_id,user_id,name,surname,age,dttm) values(99,53,'Stefania','Żukowski',15,toTimestamp(now()));
insert into user(user_id,name,surname,age) values (54,'Danka','Zawisza',14);
insert into activity(movie_id,user_id,name,surname,age,dttm) values(64,54,'Danka','Zawisza',14,toTimestamp(now()));
insert into activity(movie_id,user_id,name,surname,age,dttm) values(38,54,'Danka','Zawisza',14,toTimestamp(now()));
insert into user(user_id,name,surname,age) values (55,'Sobiesław','Rutkowski',20);
insert into activity(movie_id,user_id,name,surname,age,dttm) values(55,55,'Sobiesław','Rutkowski',20,toTimestamp(now()));
insert into activity(movie_id,user_id,name,surname,age,dttm) values(25,55,'Sobiesław','Rutkowski',20,toTimestamp(now()));
insert into user(user_id,name,surname,age) values (56,'Krystian','Wawrzaszek',37);
insert into activity(movie_id,user_id,name,surname,age,dttm) values(92,56,'Krystian','Wawrzaszek',37,toTimestamp(now()));
insert into activity(movie_id,user_id,name,surname,age,dttm) values(48,56,'Krystian','Wawrzaszek',37,toTimestamp(now()));
insert into user(user_id,name,surname,age) values (57,'Filip','Szymański',31);
insert into activity(movie_id,user_id,name,surname,age,dttm) values(52,57,'Filip','Szymański',31,toTimestamp(now()));
insert into activity(movie_id,user_id,name,surname,age,dttm) values(9,57,'Filip','Szymański',31,toTimestamp(now()));
insert into user(user_id,name,surname,age) values (58,'Blanka','Gomółka',17);
insert into activity(movie_id,user_id,name,surname,age,dttm) values(32,58,'Blanka','Gomółka',17,toTimestamp(now()));
insert into activity(movie_id,user_id,name,surname,age,dttm) values(95,58,'Blanka','Gomółka',17,toTimestamp(now()));
insert into user(user_id,name,surname,age) values (59,'Alicja','Soból',27);
insert into activity(movie_id,user_id,name,surname,age,dttm) values(12,59,'Alicja','Soból',27,toTimestamp(now()));
insert into activity(movie_id,user_id,name,surname,age,dttm) values(26,59,'Alicja','Soból',27,toTimestamp(now()));
insert into user(user_id,name,surname,age) values (60,'Dymitr','Gorecki',25);
insert into activity(movie_id,user_id,name,surname,age,dttm) values(44,60,'Dymitr','Gorecki',25,toTimestamp(now()));
insert into activity(movie_id,user_id,name,surname,age,dttm) values(12,60,'Dymitr','Gorecki',25,toTimestamp(now()));
insert into user(user_id,name,surname,age) values (61,'Eugeniusz','Jedynak',24);
insert into activity(movie_id,user_id,name,surname,age,dttm) values(46,61,'Eugeniusz','Jedynak',24,toTimestamp(now()));
insert into activity(movie_id,user_id,name,surname,age,dttm) values(43,61,'Eugeniusz','Jedynak',24,toTimestamp(now()));
insert into user(user_id,name,surname,age) values (62,'Katarzyna','Adamczak',40);
insert into activity(movie_id,user_id,name,surname,age,dttm) values(58,62,'Katarzyna','Adamczak',40,toTimestamp(now()));
insert into activity(movie_id,user_id,name,surname,age,dttm) values(10,62,'Katarzyna','Adamczak',40,toTimestamp(now()));
insert into user(user_id,name,surname,age) values (63,'Joanna','Zientek',23);
insert into activity(movie_id,user_id,name,surname,age,dttm) values(89,63,'Joanna','Zientek',23,toTimestamp(now()));
insert into activity(movie_id,user_id,name,surname,age,dttm) values(57,63,'Joanna','Zientek',23,toTimestamp(now()));
insert into user(user_id,name,surname,age) values (64,'Wielisław','Ławniczak',38);
insert into activity(movie_id,user_id,name,surname,age,dttm) values(96,64,'Wielisław','Ławniczak',38,toTimestamp(now()));
insert into activity(movie_id,user_id,name,surname,age,dttm) values(89,64,'Wielisław','Ławniczak',38,toTimestamp(now()));
insert into user(user_id,name,surname,age) values (65,'Narcyz','Broż',30);
insert into activity(movie_id,user_id,name,surname,age,dttm) values(4,65,'Narcyz','Broż',30,toTimestamp(now()));
insert into activity(movie_id,user_id,name,surname,age,dttm) values(100,65,'Narcyz','Broż',30,toTimestamp(now()));
insert into user(user_id,name,surname,age) values (66,'Szymon','Górka',17);
insert into activity(movie_id,user_id,name,surname,age,dttm) values(51,66,'Szymon','Górka',17,toTimestamp(now()));
insert into activity(movie_id,user_id,name,surname,age,dttm) values(37,66,'Szymon','Górka',17,toTimestamp(now()));
insert into user(user_id,name,surname,age) values (67,'Daniel','Popławski',27);
insert into activity(movie_id,user_id,name,surname,age,dttm) values(24,67,'Daniel','Popławski',27,toTimestamp(now()));
insert into activity(movie_id,user_id,name,surname,age,dttm) values(49,67,'Daniel','Popławski',27,toTimestamp(now()));
insert into user(user_id,name,surname,age) values (68,'Henryk','Krakowski',38);
insert into activity(movie_id,user_id,name,surname,age,dttm) values(5,68,'Henryk','Krakowski',38,toTimestamp(now()));
insert into activity(movie_id,user_id,name,surname,age,dttm) values(60,68,'Henryk','Krakowski',38,toTimestamp(now()));
insert into user(user_id,name,surname,age) values (69,'Leszek','Wyrzykowski',18);
insert into activity(movie_id,user_id,name,surname,age,dttm) values(84,69,'Leszek','Wyrzykowski',18,toTimestamp(now()));
insert into activity(movie_id,user_id,name,surname,age,dttm) values(7,69,'Leszek','Wyrzykowski',18,toTimestamp(now()));
insert into user(user_id,name,surname,age) values (70,'Wiktor','Winogrodzki',34);
insert into activity(movie_id,user_id,name,surname,age,dttm) values(4,70,'Wiktor','Winogrodzki',34,toTimestamp(now()));
insert into activity(movie_id,user_id,name,surname,age,dttm) values(15,70,'Wiktor','Winogrodzki',34,toTimestamp(now()));
insert into user(user_id,name,surname,age) values (71,'Iza','Wyrzykowski',18);
insert into activity(movie_id,user_id,name,surname,age,dttm) values(37,71,'Iza','Wyrzykowski',18,toTimestamp(now()));
insert into activity(movie_id,user_id,name,surname,age,dttm) values(2,71,'Iza','Wyrzykowski',18,toTimestamp(now()));
insert into user(user_id,name,surname,age) values (72,'Augusta','Gomułka',19);
insert into activity(movie_id,user_id,name,surname,age,dttm) values(78,72,'Augusta','Gomułka',19,toTimestamp(now()));
insert into activity(movie_id,user_id,name,surname,age,dttm) values(20,72,'Augusta','Gomułka',19,toTimestamp(now()));
insert into user(user_id,name,surname,age) values (73,'Klara','Kosmatka',35);
insert into activity(movie_id,user_id,name,surname,age,dttm) values(66,73,'Klara','Kosmatka',35,toTimestamp(now()));
insert into activity(movie_id,user_id,name,surname,age,dttm) values(11,73,'Klara','Kosmatka',35,toTimestamp(now()));
insert into user(user_id,name,surname,age) values (74,'Augustyna','Adamczak',33);
insert into activity(movie_id,user_id,name,surname,age,dttm) values(11,74,'Augustyna','Adamczak',33,toTimestamp(now()));
insert into activity(movie_id,user_id,name,surname,age,dttm) values(91,74,'Augustyna','Adamczak',33,toTimestamp(now()));
insert into user(user_id,name,surname,age) values (75,'Roch','Musiał',18);
insert into activity(movie_id,user_id,name,surname,age,dttm) values(34,75,'Roch','Musiał',18,toTimestamp(now()));
insert into activity(movie_id,user_id,name,surname,age,dttm) values(92,75,'Roch','Musiał',18,toTimestamp(now()));
insert into user(user_id,name,surname,age) values (76,'Dawid','Dubanowski',30);
insert into activity(movie_id,user_id,name,surname,age,dttm) values(67,76,'Dawid','Dubanowski',30,toTimestamp(now()));
insert into activity(movie_id,user_id,name,surname,age,dttm) values(61,76,'Dawid','Dubanowski',30,toTimestamp(now()));
insert into user(user_id,name,surname,age) values (77,'Maryla','Ślusarski',25);
insert into activity(movie_id,user_id,name,surname,age,dttm) values(90,77,'Maryla','Ślusarski',25,toTimestamp(now()));
insert into activity(movie_id,user_id,name,surname,age,dttm) values(4,77,'Maryla','Ślusarski',25,toTimestamp(now()));
insert into user(user_id,name,surname,age) values (78,'Kazia','Janda',38);
insert into activity(movie_id,user_id,name,surname,age,dttm) values(65,78,'Kazia','Janda',38,toTimestamp(now()));
insert into activity(movie_id,user_id,name,surname,age,dttm) values(2,78,'Kazia','Janda',38,toTimestamp(now()));
insert into user(user_id,name,surname,age) values (79,'Leonard','Wawrzaszek',16);
insert into activity(movie_id,user_id,name,surname,age,dttm) values(30,79,'Leonard','Wawrzaszek',16,toTimestamp(now()));
insert into activity(movie_id,user_id,name,surname,age,dttm) values(43,79,'Leonard','Wawrzaszek',16,toTimestamp(now()));
insert into user(user_id,name,surname,age) values (80,'Janka','Smolak',21);
insert into activity(movie_id,user_id,name,surname,age,dttm) values(30,80,'Janka','Smolak',21,toTimestamp(now()));
insert into activity(movie_id,user_id,name,surname,age,dttm) values(42,80,'Janka','Smolak',21,toTimestamp(now()));
insert into user(user_id,name,surname,age) values (81,'Alfred','Adam',16);
insert into activity(movie_id,user_id,name,surname,age,dttm) values(69,81,'Alfred','Adam',16,toTimestamp(now()));
insert into activity(movie_id,user_id,name,surname,age,dttm) values(50,81,'Alfred','Adam',16,toTimestamp(now()));
insert into user(user_id,name,surname,age) values (82,'Eryk','Kozłow',40);
insert into activity(movie_id,user_id,name,surname,age,dttm) values(1,82,'Eryk','Kozłow',40,toTimestamp(now()));
insert into activity(movie_id,user_id,name,surname,age,dttm) values(56,82,'Eryk','Kozłow',40,toTimestamp(now()));
insert into user(user_id,name,surname,age) values (83,'Lilianna','Woźniak',24);
insert into activity(movie_id,user_id,name,surname,age,dttm) values(26,83,'Lilianna','Woźniak',24,toTimestamp(now()));
insert into activity(movie_id,user_id,name,surname,age,dttm) values(13,83,'Lilianna','Woźniak',24,toTimestamp(now()));
insert into user(user_id,name,surname,age) values (84,'Kornelia','Serafin',23);
insert into activity(movie_id,user_id,name,surname,age,dttm) values(34,84,'Kornelia','Serafin',23,toTimestamp(now()));
insert into activity(movie_id,user_id,name,surname,age,dttm) values(31,84,'Kornelia','Serafin',23,toTimestamp(now()));
insert into user(user_id,name,surname,age) values (85,'Radzimierz','Fabian',25);
insert into activity(movie_id,user_id,name,surname,age,dttm) values(81,85,'Radzimierz','Fabian',25,toTimestamp(now()));
insert into activity(movie_id,user_id,name,surname,age,dttm) values(27,85,'Radzimierz','Fabian',25,toTimestamp(now()));
insert into user(user_id,name,surname,age) values (86,'Adriana','Szczepański',32);
insert into activity(movie_id,user_id,name,surname,age,dttm) values(62,86,'Adriana','Szczepański',32,toTimestamp(now()));
insert into activity(movie_id,user_id,name,surname,age,dttm) values(71,86,'Adriana','Szczepański',32,toTimestamp(now()));
insert into user(user_id,name,surname,age) values (87,'Beniamin','Zdunowski',13);
insert into activity(movie_id,user_id,name,surname,age,dttm) values(3,87,'Beniamin','Zdunowski',13,toTimestamp(now()));
insert into activity(movie_id,user_id,name,surname,age,dttm) values(65,87,'Beniamin','Zdunowski',13,toTimestamp(now()));
insert into user(user_id,name,surname,age) values (88,'Sara','Janowski',15);
insert into activity(movie_id,user_id,name,surname,age,dttm) values(14,88,'Sara','Janowski',15,toTimestamp(now()));
insert into activity(movie_id,user_id,name,surname,age,dttm) values(97,88,'Sara','Janowski',15,toTimestamp(now()));
insert into user(user_id,name,surname,age) values (89,'Dominik','Jankowski',39);
insert into activity(movie_id,user_id,name,surname,age,dttm) values(45,89,'Dominik','Jankowski',39,toTimestamp(now()));
insert into activity(movie_id,user_id,name,surname,age,dttm) values(69,89,'Dominik','Jankowski',39,toTimestamp(now()));
insert into user(user_id,name,surname,age) values (90,'Julek','Maślanka',39);
insert into activity(movie_id,user_id,name,surname,age,dttm) values(58,90,'Julek','Maślanka',39,toTimestamp(now()));
insert into activity(movie_id,user_id,name,surname,age,dttm) values(85,90,'Julek','Maślanka',39,toTimestamp(now()));
insert into user(user_id,name,surname,age) values (91,'Paweł','Janowski',38);
insert into activity(movie_id,user_id,name,surname,age,dttm) values(92,91,'Paweł','Janowski',38,toTimestamp(now()));
insert into activity(movie_id,user_id,name,surname,age,dttm) values(26,91,'Paweł','Janowski',38,toTimestamp(now()));
insert into user(user_id,name,surname,age) values (92,'Mieszko','Ślązak',20);
insert into activity(movie_id,user_id,name,surname,age,dttm) values(10,92,'Mieszko','Ślązak',20,toTimestamp(now()));
insert into activity(movie_id,user_id,name,surname,age,dttm) values(55,92,'Mieszko','Ślązak',20,toTimestamp(now()));
insert into user(user_id,name,surname,age) values (93,'Liliana','Filipek',15);
insert into activity(movie_id,user_id,name,surname,age,dttm) values(44,93,'Liliana','Filipek',15,toTimestamp(now()));
insert into activity(movie_id,user_id,name,surname,age,dttm) values(19,93,'Liliana','Filipek',15,toTimestamp(now()));
insert into user(user_id,name,surname,age) values (94,'Wielisław','Lewandowski',26);
insert into activity(movie_id,user_id,name,surname,age,dttm) values(87,94,'Wielisław','Lewandowski',26,toTimestamp(now()));
insert into activity(movie_id,user_id,name,surname,age,dttm) values(13,94,'Wielisław','Lewandowski',26,toTimestamp(now()));
insert into user(user_id,name,surname,age) values (95,'Maryna','Kumięga',26);
insert into activity(movie_id,user_id,name,surname,age,dttm) values(38,95,'Maryna','Kumięga',26,toTimestamp(now()));
insert into activity(movie_id,user_id,name,surname,age,dttm) values(44,95,'Maryna','Kumięga',26,toTimestamp(now()));
insert into user(user_id,name,surname,age) values (96,'Mirek','Janda',16);
insert into activity(movie_id,user_id,name,surname,age,dttm) values(71,96,'Mirek','Janda',16,toTimestamp(now()));
insert into activity(movie_id,user_id,name,surname,age,dttm) values(26,96,'Mirek','Janda',16,toTimestamp(now()));
insert into user(user_id,name,surname,age) values (97,'Magdalena','Pakulski',33);
insert into activity(movie_id,user_id,name,surname,age,dttm) values(57,97,'Magdalena','Pakulski',33,toTimestamp(now()));
insert into activity(movie_id,user_id,name,surname,age,dttm) values(19,97,'Magdalena','Pakulski',33,toTimestamp(now()));
insert into user(user_id,name,surname,age) values (98,'Joanna','Sokal',24);
insert into activity(movie_id,user_id,name,surname,age,dttm) values(34,98,'Joanna','Sokal',24,toTimestamp(now()));
insert into activity(movie_id,user_id,name,surname,age,dttm) values(69,98,'Joanna','Sokal',24,toTimestamp(now()));
insert into user(user_id,name,surname,age) values (99,'Aniela','Szwarc',14);
insert into activity(movie_id,user_id,name,surname,age,dttm) values(79,99,'Aniela','Szwarc',14,toTimestamp(now()));
insert into activity(movie_id,user_id,name,surname,age,dttm) values(14,99,'Aniela','Szwarc',14,toTimestamp(now()));
insert into user(user_id,name,surname,age) values (100,'Filipina','Jeleń',22);
insert into activity(movie_id,user_id,name,surname,age,dttm) values(85,100,'Filipina','Jeleń',22,toTimestamp(now()));
insert into activity(movie_id,user_id,name,surname,age,dttm) values(85,100,'Filipina','Jeleń',22,toTimestamp(now()));
insert into user(user_id,name,surname,age) values (101,'Stanisław','Adam',40);
insert into activity(movie_id,user_id,name,surname,age,dttm) values(66,101,'Stanisław','Adam',40,toTimestamp(now()));
insert into activity(movie_id,user_id,name,surname,age,dttm) values(62,101,'Stanisław','Adam',40,toTimestamp(now()));
insert into user(user_id,name,surname,age) values (102,'Nadzieja','Gniewek',14);
insert into activity(movie_id,user_id,name,surname,age,dttm) values(39,102,'Nadzieja','Gniewek',14,toTimestamp(now()));
insert into activity(movie_id,user_id,name,surname,age,dttm) values(79,102,'Nadzieja','Gniewek',14,toTimestamp(now()));
insert into user(user_id,name,surname,age) values (103,'Edyta','Broż',17);
insert into activity(movie_id,user_id,name,surname,age,dttm) values(61,103,'Edyta','Broż',17,toTimestamp(now()));
insert into activity(movie_id,user_id,name,surname,age,dttm) values(35,103,'Edyta','Broż',17,toTimestamp(now()));
insert into user(user_id,name,surname,age) values (104,'Fabian','Serafin',15);
insert into activity(movie_id,user_id,name,surname,age,dttm) values(19,104,'Fabian','Serafin',15,toTimestamp(now()));
insert into activity(movie_id,user_id,name,surname,age,dttm) values(88,104,'Fabian','Serafin',15,toTimestamp(now()));
insert into user(user_id,name,surname,age) values (105,'Oliwer','Sokołowski',32);
insert into activity(movie_id,user_id,name,surname,age,dttm) values(45,105,'Oliwer','Sokołowski',32,toTimestamp(now()));
insert into activity(movie_id,user_id,name,surname,age,dttm) values(43,105,'Oliwer','Sokołowski',32,toTimestamp(now()));
insert into user(user_id,name,surname,age) values (106,'Radomił','Woźniak',26);
insert into activity(movie_id,user_id,name,surname,age,dttm) values(89,106,'Radomił','Woźniak',26,toTimestamp(now()));
insert into activity(movie_id,user_id,name,surname,age,dttm) values(33,106,'Radomił','Woźniak',26,toTimestamp(now()));
insert into user(user_id,name,surname,age) values (107,'Tekla','Wyrzykowski',37);
insert into activity(movie_id,user_id,name,surname,age,dttm) values(32,107,'Tekla','Wyrzykowski',37,toTimestamp(now()));
insert into activity(movie_id,user_id,name,surname,age,dttm) values(81,107,'Tekla','Wyrzykowski',37,toTimestamp(now()));
insert into user(user_id,name,surname,age) values (108,'Idalia','Zieliński',31);
insert into activity(movie_id,user_id,name,surname,age,dttm) values(98,108,'Idalia','Zieliński',31,toTimestamp(now()));
insert into activity(movie_id,user_id,name,surname,age,dttm) values(33,108,'Idalia','Zieliński',31,toTimestamp(now()));
insert into user(user_id,name,surname,age) values (109,'Benedykt','Fabian',29);
insert into activity(movie_id,user_id,name,surname,age,dttm) values(29,109,'Benedykt','Fabian',29,toTimestamp(now()));
insert into activity(movie_id,user_id,name,surname,age,dttm) values(17,109,'Benedykt','Fabian',29,toTimestamp(now()));
insert into user(user_id,name,surname,age) values (110,'Marlena','Stankiewicz',22);
insert into activity(movie_id,user_id,name,surname,age,dttm) values(18,110,'Marlena','Stankiewicz',22,toTimestamp(now()));
insert into activity(movie_id,user_id,name,surname,age,dttm) values(38,110,'Marlena','Stankiewicz',22,toTimestamp(now()));
insert into user(user_id,name,surname,age) values (111,'Sebastian','Kowalski',39);
insert into activity(movie_id,user_id,name,surname,age,dttm) values(39,111,'Sebastian','Kowalski',39,toTimestamp(now()));
insert into activity(movie_id,user_id,name,surname,age,dttm) values(15,111,'Sebastian','Kowalski',39,toTimestamp(now()));
insert into user(user_id,name,surname,age) values (112,'Natalia','Jaskólski',33);
insert into activity(movie_id,user_id,name,surname,age,dttm) values(69,112,'Natalia','Jaskólski',33,toTimestamp(now()));
insert into activity(movie_id,user_id,name,surname,age,dttm) values(54,112,'Natalia','Jaskólski',33,toTimestamp(now()));
insert into user(user_id,name,surname,age) values (113,'Ernest','Fabian',38);
insert into activity(movie_id,user_id,name,surname,age,dttm) values(94,113,'Ernest','Fabian',38,toTimestamp(now()));
insert into activity(movie_id,user_id,name,surname,age,dttm) values(20,113,'Ernest','Fabian',38,toTimestamp(now()));
insert into user(user_id,name,surname,age) values (114,'Sara','Jankowski',29);
insert into activity(movie_id,user_id,name,surname,age,dttm) values(84,114,'Sara','Jankowski',29,toTimestamp(now()));
insert into activity(movie_id,user_id,name,surname,age,dttm) values(77,114,'Sara','Jankowski',29,toTimestamp(now()));
insert into user(user_id,name,surname,age) values (115,'Tobiasz','Sitko',13);
insert into activity(movie_id,user_id,name,surname,age,dttm) values(38,115,'Tobiasz','Sitko',13,toTimestamp(now()));
insert into activity(movie_id,user_id,name,surname,age,dttm) values(82,115,'Tobiasz','Sitko',13,toTimestamp(now()));
insert into user(user_id,name,surname,age) values (116,'Sobiesław','Winogrodzki',24);
insert into activity(movie_id,user_id,name,surname,age,dttm) values(9,116,'Sobiesław','Winogrodzki',24,toTimestamp(now()));
insert into activity(movie_id,user_id,name,surname,age,dttm) values(46,116,'Sobiesław','Winogrodzki',24,toTimestamp(now()));
insert into user(user_id,name,surname,age) values (117,'Siemowit','Zima',37);
insert into activity(movie_id,user_id,name,surname,age,dttm) values(74,117,'Siemowit','Zima',37,toTimestamp(now()));
insert into activity(movie_id,user_id,name,surname,age,dttm) values(8,117,'Siemowit','Zima',37,toTimestamp(now()));
insert into user(user_id,name,surname,age) values (118,'Berta','Paszek',38);
insert into activity(movie_id,user_id,name,surname,age,dttm) values(11,118,'Berta','Paszek',38,toTimestamp(now()));
insert into activity(movie_id,user_id,name,surname,age,dttm) values(37,118,'Berta','Paszek',38,toTimestamp(now()));
insert into user(user_id,name,surname,age) values (119,'Wisław','Zawisza',40);
insert into activity(movie_id,user_id,name,surname,age,dttm) values(94,119,'Wisław','Zawisza',40,toTimestamp(now()));
insert into activity(movie_id,user_id,name,surname,age,dttm) values(62,119,'Wisław','Zawisza',40,toTimestamp(now()));
insert into user(user_id,name,surname,age) values (120,'Maurycy','Wojewoda',18);
insert into activity(movie_id,user_id,name,surname,age,dttm) values(5,120,'Maurycy','Wojewoda',18,toTimestamp(now()));
insert into activity(movie_id,user_id,name,surname,age,dttm) values(60,120,'Maurycy','Wojewoda',18,toTimestamp(now()));
insert into user(user_id,name,surname,age) values (121,'Radomił','Bukowski',26);
insert into activity(movie_id,user_id,name,surname,age,dttm) values(46,121,'Radomił','Bukowski',26,toTimestamp(now()));
insert into activity(movie_id,user_id,name,surname,age,dttm) values(25,121,'Radomił','Bukowski',26,toTimestamp(now()));
insert into user(user_id,name,surname,age) values (122,'Izydor','Gorecki',32);
insert into activity(movie_id,user_id,name,surname,age,dttm) values(6,122,'Izydor','Gorecki',32,toTimestamp(now()));
insert into activity(movie_id,user_id,name,surname,age,dttm) values(60,122,'Izydor','Gorecki',32,toTimestamp(now()));
insert into user(user_id,name,surname,age) values (123,'Jeremiasz','Adamczak',16);
insert into activity(movie_id,user_id,name,surname,age,dttm) values(98,123,'Jeremiasz','Adamczak',16,toTimestamp(now()));
insert into activity(movie_id,user_id,name,surname,age,dttm) values(25,123,'Jeremiasz','Adamczak',16,toTimestamp(now()));
insert into user(user_id,name,surname,age) values (124,'Bożydar','Sokal',40);
insert into activity(movie_id,user_id,name,surname,age,dttm) values(46,124,'Bożydar','Sokal',40,toTimestamp(now()));
insert into activity(movie_id,user_id,name,surname,age,dttm) values(51,124,'Bożydar','Sokal',40,toTimestamp(now()));
insert into user(user_id,name,surname,age) values (125,'Władek','Adam',21);
insert into activity(movie_id,user_id,name,surname,age,dttm) values(80,125,'Władek','Adam',21,toTimestamp(now()));
insert into activity(movie_id,user_id,name,surname,age,dttm) values(77,125,'Władek','Adam',21,toTimestamp(now()));
insert into user(user_id,name,surname,age) values (126,'Konstancja','Smolarek',14);
insert into activity(movie_id,user_id,name,surname,age,dttm) values(14,126,'Konstancja','Smolarek',14,toTimestamp(now()));
insert into activity(movie_id,user_id,name,surname,age,dttm) values(93,126,'Konstancja','Smolarek',14,toTimestamp(now()));
insert into user(user_id,name,surname,age) values (127,'Warcisław','Ziemniak',37);
insert into activity(movie_id,user_id,name,surname,age,dttm) values(60,127,'Warcisław','Ziemniak',37,toTimestamp(now()));
insert into activity(movie_id,user_id,name,surname,age,dttm) values(29,127,'Warcisław','Ziemniak',37,toTimestamp(now()));
insert into user(user_id,name,surname,age) values (128,'Feliks','Andrysiak',30);
insert into activity(movie_id,user_id,name,surname,age,dttm) values(30,128,'Feliks','Andrysiak',30,toTimestamp(now()));
insert into activity(movie_id,user_id,name,surname,age,dttm) values(10,128,'Feliks','Andrysiak',30,toTimestamp(now()));
insert into user(user_id,name,surname,age) values (129,'Marietta','Maślanka',38);
insert into activity(movie_id,user_id,name,surname,age,dttm) values(81,129,'Marietta','Maślanka',38,toTimestamp(now()));
insert into activity(movie_id,user_id,name,surname,age,dttm) values(10,129,'Marietta','Maślanka',38,toTimestamp(now()));
insert into user(user_id,name,surname,age) values (130,'Jarogniew','Róg',26);
insert into activity(movie_id,user_id,name,surname,age,dttm) values(29,130,'Jarogniew','Róg',26,toTimestamp(now()));
insert into activity(movie_id,user_id,name,surname,age,dttm) values(15,130,'Jarogniew','Róg',26,toTimestamp(now()));
insert into user(user_id,name,surname,age) values (131,'Samanta','Sienkiewicz',18);
insert into activity(movie_id,user_id,name,surname,age,dttm) values(6,131,'Samanta','Sienkiewicz',18,toTimestamp(now()));
insert into activity(movie_id,user_id,name,surname,age,dttm) values(1,131,'Samanta','Sienkiewicz',18,toTimestamp(now()));
insert into user(user_id,name,surname,age) values (132,'Wacława','Kasprzak',21);
insert into activity(movie_id,user_id,name,surname,age,dttm) values(85,132,'Wacława','Kasprzak',21,toTimestamp(now()));
insert into activity(movie_id,user_id,name,surname,age,dttm) values(90,132,'Wacława','Kasprzak',21,toTimestamp(now()));
insert into user(user_id,name,surname,age) values (133,'Samanta','Czajka',39);
insert into activity(movie_id,user_id,name,surname,age,dttm) values(52,133,'Samanta','Czajka',39,toTimestamp(now()));
insert into activity(movie_id,user_id,name,surname,age,dttm) values(37,133,'Samanta','Czajka',39,toTimestamp(now()));
insert into user(user_id,name,surname,age) values (134,'Teodora','Jedynak',13);
insert into activity(movie_id,user_id,name,surname,age,dttm) values(32,134,'Teodora','Jedynak',13,toTimestamp(now()));
insert into activity(movie_id,user_id,name,surname,age,dttm) values(20,134,'Teodora','Jedynak',13,toTimestamp(now()));
insert into user(user_id,name,surname,age) values (135,'Jerzy','Broż',39);
insert into activity(movie_id,user_id,name,surname,age,dttm) values(27,135,'Jerzy','Broż',39,toTimestamp(now()));
insert into activity(movie_id,user_id,name,surname,age,dttm) values(41,135,'Jerzy','Broż',39,toTimestamp(now()));
insert into user(user_id,name,surname,age) values (136,'Miriam','Adam',19);
insert into activity(movie_id,user_id,name,surname,age,dttm) values(75,136,'Miriam','Adam',19,toTimestamp(now()));
insert into activity(movie_id,user_id,name,surname,age,dttm) values(71,136,'Miriam','Adam',19,toTimestamp(now()));
insert into user(user_id,name,surname,age) values (137,'Wielisław','Górka',39);
insert into activity(movie_id,user_id,name,surname,age,dttm) values(45,137,'Wielisław','Górka',39,toTimestamp(now()));
insert into activity(movie_id,user_id,name,surname,age,dttm) values(17,137,'Wielisław','Górka',39,toTimestamp(now()));
insert into user(user_id,name,surname,age) values (138,'Patka','Wronski',38);
insert into activity(movie_id,user_id,name,surname,age,dttm) values(62,138,'Patka','Wronski',38,toTimestamp(now()));
insert into activity(movie_id,user_id,name,surname,age,dttm) values(17,138,'Patka','Wronski',38,toTimestamp(now()));
insert into user(user_id,name,surname,age) values (139,'Jadzia','Lewandowski',27);
insert into activity(movie_id,user_id,name,surname,age,dttm) values(84,139,'Jadzia','Lewandowski',27,toTimestamp(now()));
insert into activity(movie_id,user_id,name,surname,age,dttm) values(89,139,'Jadzia','Lewandowski',27,toTimestamp(now()));
insert into user(user_id,name,surname,age) values (140,'Leokadia','Dziedzic',15);
insert into activity(movie_id,user_id,name,surname,age,dttm) values(56,140,'Leokadia','Dziedzic',15,toTimestamp(now()));
insert into activity(movie_id,user_id,name,surname,age,dttm) values(59,140,'Leokadia','Dziedzic',15,toTimestamp(now()));
insert into user(user_id,name,surname,age) values (141,'Natasza','Andrysiak',29);
insert into activity(movie_id,user_id,name,surname,age,dttm) values(21,141,'Natasza','Andrysiak',29,toTimestamp(now()));
insert into activity(movie_id,user_id,name,surname,age,dttm) values(22,141,'Natasza','Andrysiak',29,toTimestamp(now()));
insert into user(user_id,name,surname,age) values (142,'Irenka','Sikora',32);
insert into activity(movie_id,user_id,name,surname,age,dttm) values(42,142,'Irenka','Sikora',32,toTimestamp(now()));
insert into activity(movie_id,user_id,name,surname,age,dttm) values(46,142,'Irenka','Sikora',32,toTimestamp(now()));
insert into user(user_id,name,surname,age) values (143,'Kinga','Wawrzaszek',29);
insert into activity(movie_id,user_id,name,surname,age,dttm) values(25,143,'Kinga','Wawrzaszek',29,toTimestamp(now()));
insert into activity(movie_id,user_id,name,surname,age,dttm) values(23,143,'Kinga','Wawrzaszek',29,toTimestamp(now()));
insert into user(user_id,name,surname,age) values (144,'Wiola','Lis',27);
insert into activity(movie_id,user_id,name,surname,age,dttm) values(18,144,'Wiola','Lis',27,toTimestamp(now()));
insert into activity(movie_id,user_id,name,surname,age,dttm) values(22,144,'Wiola','Lis',27,toTimestamp(now()));
insert into user(user_id,name,surname,age) values (145,'Agatka','Łaska',16);
insert into activity(movie_id,user_id,name,surname,age,dttm) values(57,145,'Agatka','Łaska',16,toTimestamp(now()));
insert into activity(movie_id,user_id,name,surname,age,dttm) values(69,145,'Agatka','Łaska',16,toTimestamp(now()));
insert into user(user_id,name,surname,age) values (146,'Iza','Janda',14);
insert into activity(movie_id,user_id,name,surname,age,dttm) values(83,146,'Iza','Janda',14,toTimestamp(now()));
insert into activity(movie_id,user_id,name,surname,age,dttm) values(20,146,'Iza','Janda',14,toTimestamp(now()));
insert into user(user_id,name,surname,age) values (147,'Jacenty','Stolarz',24);
insert into activity(movie_id,user_id,name,surname,age,dttm) values(66,147,'Jacenty','Stolarz',24,toTimestamp(now()));
insert into activity(movie_id,user_id,name,surname,age,dttm) values(40,147,'Jacenty','Stolarz',24,toTimestamp(now()));
insert into user(user_id,name,surname,age) values (148,'Samuel','Ostrowski',39);
insert into activity(movie_id,user_id,name,surname,age,dttm) values(24,148,'Samuel','Ostrowski',39,toTimestamp(now()));
insert into activity(movie_id,user_id,name,surname,age,dttm) values(66,148,'Samuel','Ostrowski',39,toTimestamp(now()));
insert into user(user_id,name,surname,age) values (149,'Dobrosław','Klimek',27);
insert into activity(movie_id,user_id,name,surname,age,dttm) values(31,149,'Dobrosław','Klimek',27,toTimestamp(now()));
insert into activity(movie_id,user_id,name,surname,age,dttm) values(78,149,'Dobrosław','Klimek',27,toTimestamp(now()));
insert into user(user_id,name,surname,age) values (150,'Kondrat','Starek',29);
insert into activity(movie_id,user_id,name,surname,age,dttm) values(2,150,'Kondrat','Starek',29,toTimestamp(now()));
insert into activity(movie_id,user_id,name,surname,age,dttm) values(57,150,'Kondrat','Starek',29,toTimestamp(now()));
insert into user(user_id,name,surname,age) values (151,'Dosia','Wyrick',25);
insert into activity(movie_id,user_id,name,surname,age,dttm) values(71,151,'Dosia','Wyrick',25,toTimestamp(now()));
insert into activity(movie_id,user_id,name,surname,age,dttm) values(14,151,'Dosia','Wyrick',25,toTimestamp(now()));
insert into user(user_id,name,surname,age) values (152,'Wiktor','Bukowski',40);
insert into activity(movie_id,user_id,name,surname,age,dttm) values(96,152,'Wiktor','Bukowski',40,toTimestamp(now()));
insert into activity(movie_id,user_id,name,surname,age,dttm) values(72,152,'Wiktor','Bukowski',40,toTimestamp(now()));
insert into user(user_id,name,surname,age) values (153,'Izydor','Adam',31);
insert into activity(movie_id,user_id,name,surname,age,dttm) values(94,153,'Izydor','Adam',31,toTimestamp(now()));
insert into activity(movie_id,user_id,name,surname,age,dttm) values(97,153,'Izydor','Adam',31,toTimestamp(now()));
insert into user(user_id,name,surname,age) values (154,'Beata','Marszałek',37);
insert into activity(movie_id,user_id,name,surname,age,dttm) values(84,154,'Beata','Marszałek',37,toTimestamp(now()));
insert into activity(movie_id,user_id,name,surname,age,dttm) values(71,154,'Beata','Marszałek',37,toTimestamp(now()));
insert into user(user_id,name,surname,age) values (155,'Stanisława','Dunajski',25);
insert into activity(movie_id,user_id,name,surname,age,dttm) values(91,155,'Stanisława','Dunajski',25,toTimestamp(now()));
insert into activity(movie_id,user_id,name,surname,age,dttm) values(68,155,'Stanisława','Dunajski',25,toTimestamp(now()));
insert into user(user_id,name,surname,age) values (156,'Jerzy','Kamiński',28);
insert into activity(movie_id,user_id,name,surname,age,dttm) values(5,156,'Jerzy','Kamiński',28,toTimestamp(now()));
insert into activity(movie_id,user_id,name,surname,age,dttm) values(100,156,'Jerzy','Kamiński',28,toTimestamp(now()));
insert into user(user_id,name,surname,age) values (157,'Filip','Brzezicki',31);
insert into activity(movie_id,user_id,name,surname,age,dttm) values(17,157,'Filip','Brzezicki',31,toTimestamp(now()));
insert into activity(movie_id,user_id,name,surname,age,dttm) values(48,157,'Filip','Brzezicki',31,toTimestamp(now()));
insert into user(user_id,name,surname,age) values (158,'Urszula','Serafin',40);
insert into activity(movie_id,user_id,name,surname,age,dttm) values(85,158,'Urszula','Serafin',40,toTimestamp(now()));
insert into activity(movie_id,user_id,name,surname,age,dttm) values(37,158,'Urszula','Serafin',40,toTimestamp(now()));
insert into user(user_id,name,surname,age) values (159,'Jędrzej','Kaczka',15);
insert into activity(movie_id,user_id,name,surname,age,dttm) values(5,159,'Jędrzej','Kaczka',15,toTimestamp(now()));
insert into activity(movie_id,user_id,name,surname,age,dttm) values(81,159,'Jędrzej','Kaczka',15,toTimestamp(now()));
insert into user(user_id,name,surname,age) values (160,'Beata','Ząbek',35);
insert into activity(movie_id,user_id,name,surname,age,dttm) values(73,160,'Beata','Ząbek',35,toTimestamp(now()));
insert into activity(movie_id,user_id,name,surname,age,dttm) values(53,160,'Beata','Ząbek',35,toTimestamp(now()));
insert into user(user_id,name,surname,age) values (161,'Dominik','Wrona',19);
insert into activity(movie_id,user_id,name,surname,age,dttm) values(87,161,'Dominik','Wrona',19,toTimestamp(now()));
insert into activity(movie_id,user_id,name,surname,age,dttm) values(20,161,'Dominik','Wrona',19,toTimestamp(now()));
insert into user(user_id,name,surname,age) values (162,'Radosław','Kijek',23);
insert into activity(movie_id,user_id,name,surname,age,dttm) values(22,162,'Radosław','Kijek',23,toTimestamp(now()));
insert into activity(movie_id,user_id,name,surname,age,dttm) values(63,162,'Radosław','Kijek',23,toTimestamp(now()));
insert into user(user_id,name,surname,age) values (163,'Leonard','Gniewek',15);
insert into activity(movie_id,user_id,name,surname,age,dttm) values(34,163,'Leonard','Gniewek',15,toTimestamp(now()));
insert into activity(movie_id,user_id,name,surname,age,dttm) values(86,163,'Leonard','Gniewek',15,toTimestamp(now()));
insert into user(user_id,name,surname,age) values (164,'Cyryl','Dunajski',35);
insert into activity(movie_id,user_id,name,surname,age,dttm) values(29,164,'Cyryl','Dunajski',35,toTimestamp(now()));
insert into activity(movie_id,user_id,name,surname,age,dttm) values(80,164,'Cyryl','Dunajski',35,toTimestamp(now()));
insert into user(user_id,name,surname,age) values (165,'Mieczysław','Ślązak',30);
insert into activity(movie_id,user_id,name,surname,age,dttm) values(8,165,'Mieczysław','Ślązak',30,toTimestamp(now()));
insert into activity(movie_id,user_id,name,surname,age,dttm) values(85,165,'Mieczysław','Ślązak',30,toTimestamp(now()));
insert into user(user_id,name,surname,age) values (166,'Judyta','Brzezicki',16);
insert into activity(movie_id,user_id,name,surname,age,dttm) values(10,166,'Judyta','Brzezicki',16,toTimestamp(now()));
insert into activity(movie_id,user_id,name,surname,age,dttm) values(50,166,'Judyta','Brzezicki',16,toTimestamp(now()));
insert into user(user_id,name,surname,age) values (167,'Mikołaj','Ryba',31);
insert into activity(movie_id,user_id,name,surname,age,dttm) values(68,167,'Mikołaj','Ryba',31,toTimestamp(now()));
insert into activity(movie_id,user_id,name,surname,age,dttm) values(47,167,'Mikołaj','Ryba',31,toTimestamp(now()));
insert into user(user_id,name,surname,age) values (168,'Jadzia','Czajkowski',25);
insert into activity(movie_id,user_id,name,surname,age,dttm) values(66,168,'Jadzia','Czajkowski',25,toTimestamp(now()));
insert into activity(movie_id,user_id,name,surname,age,dttm) values(60,168,'Jadzia','Czajkowski',25,toTimestamp(now()));
insert into user(user_id,name,surname,age) values (169,'Gerwazy','Chlebek',39);
insert into activity(movie_id,user_id,name,surname,age,dttm) values(15,169,'Gerwazy','Chlebek',39,toTimestamp(now()));
insert into activity(movie_id,user_id,name,surname,age,dttm) values(70,169,'Gerwazy','Chlebek',39,toTimestamp(now()));
insert into user(user_id,name,surname,age) values (170,'Marian','Piotrowski',31);
insert into activity(movie_id,user_id,name,surname,age,dttm) values(63,170,'Marian','Piotrowski',31,toTimestamp(now()));
insert into activity(movie_id,user_id,name,surname,age,dttm) values(21,170,'Marian','Piotrowski',31,toTimestamp(now()));
insert into user(user_id,name,surname,age) values (171,'Lidka','Wiśniewski',35);
insert into activity(movie_id,user_id,name,surname,age,dttm) values(76,171,'Lidka','Wiśniewski',35,toTimestamp(now()));
insert into activity(movie_id,user_id,name,surname,age,dttm) values(85,171,'Lidka','Wiśniewski',35,toTimestamp(now()));
insert into user(user_id,name,surname,age) values (172,'Walter','Ziemniak',17);
insert into activity(movie_id,user_id,name,surname,age,dttm) values(56,172,'Walter','Ziemniak',17,toTimestamp(now()));
insert into activity(movie_id,user_id,name,surname,age,dttm) values(72,172,'Walter','Ziemniak',17,toTimestamp(now()));
insert into user(user_id,name,surname,age) values (173,'Agata','Grześkiewicz',32);
insert into activity(movie_id,user_id,name,surname,age,dttm) values(95,173,'Agata','Grześkiewicz',32,toTimestamp(now()));
insert into activity(movie_id,user_id,name,surname,age,dttm) values(74,173,'Agata','Grześkiewicz',32,toTimestamp(now()));
insert into user(user_id,name,surname,age) values (174,'Rozalia','Czajkowski',18);
insert into activity(movie_id,user_id,name,surname,age,dttm) values(17,174,'Rozalia','Czajkowski',18,toTimestamp(now()));
insert into activity(movie_id,user_id,name,surname,age,dttm) values(34,174,'Rozalia','Czajkowski',18,toTimestamp(now()));
insert into user(user_id,name,surname,age) values (175,'Juliusz','Bosko',21);
insert into activity(movie_id,user_id,name,surname,age,dttm) values(51,175,'Juliusz','Bosko',21,toTimestamp(now()));
insert into activity(movie_id,user_id,name,surname,age,dttm) values(74,175,'Juliusz','Bosko',21,toTimestamp(now()));
insert into user(user_id,name,surname,age) values (176,'Jagienka','Wojewoda',38);
insert into activity(movie_id,user_id,name,surname,age,dttm) values(92,176,'Jagienka','Wojewoda',38,toTimestamp(now()));
insert into activity(movie_id,user_id,name,surname,age,dttm) values(99,176,'Jagienka','Wojewoda',38,toTimestamp(now()));
insert into user(user_id,name,surname,age) values (177,'Walenty','Wolanski',14);
insert into activity(movie_id,user_id,name,surname,age,dttm) values(52,177,'Walenty','Wolanski',14,toTimestamp(now()));
insert into activity(movie_id,user_id,name,surname,age,dttm) values(40,177,'Walenty','Wolanski',14,toTimestamp(now()));
insert into user(user_id,name,surname,age) values (178,'Metody','Skała',35);
insert into activity(movie_id,user_id,name,surname,age,dttm) values(59,178,'Metody','Skała',35,toTimestamp(now()));
insert into activity(movie_id,user_id,name,surname,age,dttm) values(66,178,'Metody','Skała',35,toTimestamp(now()));
insert into user(user_id,name,surname,age) values (179,'Bohdan','Mały',22);
insert into activity(movie_id,user_id,name,surname,age,dttm) values(37,179,'Bohdan','Mały',22,toTimestamp(now()));
insert into activity(movie_id,user_id,name,surname,age,dttm) values(93,179,'Bohdan','Mały',22,toTimestamp(now()));
insert into user(user_id,name,surname,age) values (180,'Waldek','Niemec',29);
insert into activity(movie_id,user_id,name,surname,age,dttm) values(63,180,'Waldek','Niemec',29,toTimestamp(now()));
insert into activity(movie_id,user_id,name,surname,age,dttm) values(55,180,'Waldek','Niemec',29,toTimestamp(now()));
insert into user(user_id,name,surname,age) values (181,'Marzena','Sokołowski',18);
insert into activity(movie_id,user_id,name,surname,age,dttm) values(86,181,'Marzena','Sokołowski',18,toTimestamp(now()));
insert into activity(movie_id,user_id,name,surname,age,dttm) values(90,181,'Marzena','Sokołowski',18,toTimestamp(now()));
insert into user(user_id,name,surname,age) values (182,'Władek','Adamczak',19);
insert into activity(movie_id,user_id,name,surname,age,dttm) values(62,182,'Władek','Adamczak',19,toTimestamp(now()));
insert into activity(movie_id,user_id,name,surname,age,dttm) values(63,182,'Władek','Adamczak',19,toTimestamp(now()));
insert into user(user_id,name,surname,age) values (183,'Olimpia','Szwedko',34);
insert into activity(movie_id,user_id,name,surname,age,dttm) values(33,183,'Olimpia','Szwedko',34,toTimestamp(now()));
insert into activity(movie_id,user_id,name,surname,age,dttm) values(91,183,'Olimpia','Szwedko',34,toTimestamp(now()));
insert into user(user_id,name,surname,age) values (184,'Donata','Kozieł',37);
insert into activity(movie_id,user_id,name,surname,age,dttm) values(63,184,'Donata','Kozieł',37,toTimestamp(now()));
insert into activity(movie_id,user_id,name,surname,age,dttm) values(6,184,'Donata','Kozieł',37,toTimestamp(now()));
insert into user(user_id,name,surname,age) values (185,'Stanisław','Sówka',21);
insert into activity(movie_id,user_id,name,surname,age,dttm) values(72,185,'Stanisław','Sówka',21,toTimestamp(now()));
insert into activity(movie_id,user_id,name,surname,age,dttm) values(57,185,'Stanisław','Sówka',21,toTimestamp(now()));
insert into user(user_id,name,surname,age) values (186,'Jakub','Gajos',26);
insert into activity(movie_id,user_id,name,surname,age,dttm) values(76,186,'Jakub','Gajos',26,toTimestamp(now()));
insert into activity(movie_id,user_id,name,surname,age,dttm) values(62,186,'Jakub','Gajos',26,toTimestamp(now()));
insert into user(user_id,name,surname,age) values (187,'Siemowit','Kaczka',32);
insert into activity(movie_id,user_id,name,surname,age,dttm) values(70,187,'Siemowit','Kaczka',32,toTimestamp(now()));
insert into activity(movie_id,user_id,name,surname,age,dttm) values(43,187,'Siemowit','Kaczka',32,toTimestamp(now()));
insert into user(user_id,name,surname,age) values (188,'Janina','Wójcik',21);
insert into activity(movie_id,user_id,name,surname,age,dttm) values(23,188,'Janina','Wójcik',21,toTimestamp(now()));
insert into activity(movie_id,user_id,name,surname,age,dttm) values(45,188,'Janina','Wójcik',21,toTimestamp(now()));
insert into user(user_id,name,surname,age) values (189,'Urszula','Brzezicki',38);
insert into activity(movie_id,user_id,name,surname,age,dttm) values(5,189,'Urszula','Brzezicki',38,toTimestamp(now()));
insert into activity(movie_id,user_id,name,surname,age,dttm) values(16,189,'Urszula','Brzezicki',38,toTimestamp(now()));
insert into user(user_id,name,surname,age) values (190,'Albin','Andrysiak',36);
insert into activity(movie_id,user_id,name,surname,age,dttm) values(43,190,'Albin','Andrysiak',36,toTimestamp(now()));
insert into activity(movie_id,user_id,name,surname,age,dttm) values(85,190,'Albin','Andrysiak',36,toTimestamp(now()));
insert into user(user_id,name,surname,age) values (191,'Joasia','Pakulski',27);
insert into activity(movie_id,user_id,name,surname,age,dttm) values(25,191,'Joasia','Pakulski',27,toTimestamp(now()));
insert into activity(movie_id,user_id,name,surname,age,dttm) values(44,191,'Joasia','Pakulski',27,toTimestamp(now()));
insert into user(user_id,name,surname,age) values (192,'Arkadiusz','Piontek',20);
insert into activity(movie_id,user_id,name,surname,age,dttm) values(92,192,'Arkadiusz','Piontek',20,toTimestamp(now()));
insert into activity(movie_id,user_id,name,surname,age,dttm) values(90,192,'Arkadiusz','Piontek',20,toTimestamp(now()));
insert into user(user_id,name,surname,age) values (193,'Dymitr','Wojewoda',20);
insert into activity(movie_id,user_id,name,surname,age,dttm) values(9,193,'Dymitr','Wojewoda',20,toTimestamp(now()));
insert into activity(movie_id,user_id,name,surname,age,dttm) values(88,193,'Dymitr','Wojewoda',20,toTimestamp(now()));
insert into user(user_id,name,surname,age) values (194,'Joanna','Róg',18);
insert into activity(movie_id,user_id,name,surname,age,dttm) values(6,194,'Joanna','Róg',18,toTimestamp(now()));
insert into activity(movie_id,user_id,name,surname,age,dttm) values(55,194,'Joanna','Róg',18,toTimestamp(now()));
insert into user(user_id,name,surname,age) values (195,'Wiktoria','Moździerz',27);
insert into activity(movie_id,user_id,name,surname,age,dttm) values(65,195,'Wiktoria','Moździerz',27,toTimestamp(now()));
insert into activity(movie_id,user_id,name,surname,age,dttm) values(27,195,'Wiktoria','Moździerz',27,toTimestamp(now()));
insert into user(user_id,name,surname,age) values (196,'Asia','Sitko',17);
insert into activity(movie_id,user_id,name,surname,age,dttm) values(77,196,'Asia','Sitko',17,toTimestamp(now()));
insert into activity(movie_id,user_id,name,surname,age,dttm) values(10,196,'Asia','Sitko',17,toTimestamp(now()));
insert into user(user_id,name,surname,age) values (197,'Liwia','Smolarek',38);
insert into activity(movie_id,user_id,name,surname,age,dttm) values(70,197,'Liwia','Smolarek',38,toTimestamp(now()));
insert into activity(movie_id,user_id,name,surname,age,dttm) values(43,197,'Liwia','Smolarek',38,toTimestamp(now()));
insert into user(user_id,name,surname,age) values (198,'Halina','Ostrowski',30);
insert into activity(movie_id,user_id,name,surname,age,dttm) values(89,198,'Halina','Ostrowski',30,toTimestamp(now()));
insert into activity(movie_id,user_id,name,surname,age,dttm) values(21,198,'Halina','Ostrowski',30,toTimestamp(now()));
insert into user(user_id,name,surname,age) values (199,'Walentyna','Kasprzak',34);
insert into activity(movie_id,user_id,name,surname,age,dttm) values(29,199,'Walentyna','Kasprzak',34,toTimestamp(now()));
insert into activity(movie_id,user_id,name,surname,age,dttm) values(39,199,'Walentyna','Kasprzak',34,toTimestamp(now()));
insert into user(user_id,name,surname,age) values (200,'Małgosia','Zieliński',31);
insert into activity(movie_id,user_id,name,surname,age,dttm) values(20,200,'Małgosia','Zieliński',31,toTimestamp(now()));
insert into activity(movie_id,user_id,name,surname,age,dttm) values(70,200,'Małgosia','Zieliński',31,toTimestamp(now()));
insert into user(user_id,name,surname,age) values (201,'Sławomira','Wojewódzki',18);
insert into activity(movie_id,user_id,name,surname,age,dttm) values(79,201,'Sławomira','Wojewódzki',18,toTimestamp(now()));
insert into activity(movie_id,user_id,name,surname,age,dttm) values(73,201,'Sławomira','Wojewódzki',18,toTimestamp(now()));
insert into user(user_id,name,surname,age) values (202,'Wacława','Kowalski',21);
insert into activity(movie_id,user_id,name,surname,age,dttm) values(93,202,'Wacława','Kowalski',21,toTimestamp(now()));
insert into activity(movie_id,user_id,name,surname,age,dttm) values(84,202,'Wacława','Kowalski',21,toTimestamp(now()));
insert into user(user_id,name,surname,age) values (203,'Jaromir','Ziętek',38);
insert into activity(movie_id,user_id,name,surname,age,dttm) values(84,203,'Jaromir','Ziętek',38,toTimestamp(now()));
insert into activity(movie_id,user_id,name,surname,age,dttm) values(2,203,'Jaromir','Ziętek',38,toTimestamp(now()));
insert into user(user_id,name,surname,age) values (204,'Eugeniusz','Maślanka',40);
insert into activity(movie_id,user_id,name,surname,age,dttm) values(19,204,'Eugeniusz','Maślanka',40,toTimestamp(now()));
insert into activity(movie_id,user_id,name,surname,age,dttm) values(37,204,'Eugeniusz','Maślanka',40,toTimestamp(now()));
insert into user(user_id,name,surname,age) values (205,'Iwona','Budny',20);
insert into activity(movie_id,user_id,name,surname,age,dttm) values(14,205,'Iwona','Budny',20,toTimestamp(now()));
insert into activity(movie_id,user_id,name,surname,age,dttm) values(10,205,'Iwona','Budny',20,toTimestamp(now()));
insert into user(user_id,name,surname,age) values (206,'Ksenia','Ostrowski',13);
insert into activity(movie_id,user_id,name,surname,age,dttm) values(16,206,'Ksenia','Ostrowski',13,toTimestamp(now()));
insert into activity(movie_id,user_id,name,surname,age,dttm) values(44,206,'Ksenia','Ostrowski',13,toTimestamp(now()));
insert into user(user_id,name,surname,age) values (207,'Zygfryd','Jankowski',23);
insert into activity(movie_id,user_id,name,surname,age,dttm) values(63,207,'Zygfryd','Jankowski',23,toTimestamp(now()));
insert into activity(movie_id,user_id,name,surname,age,dttm) values(40,207,'Zygfryd','Jankowski',23,toTimestamp(now()));
insert into user(user_id,name,surname,age) values (208,'Sergiusz','Gwózdek',40);
insert into activity(movie_id,user_id,name,surname,age,dttm) values(31,208,'Sergiusz','Gwózdek',40,toTimestamp(now()));
insert into activity(movie_id,user_id,name,surname,age,dttm) values(59,208,'Sergiusz','Gwózdek',40,toTimestamp(now()));
insert into user(user_id,name,surname,age) values (209,'Eleonora','Szwedko',19);
insert into activity(movie_id,user_id,name,surname,age,dttm) values(100,209,'Eleonora','Szwedko',19,toTimestamp(now()));
insert into activity(movie_id,user_id,name,surname,age,dttm) values(98,209,'Eleonora','Szwedko',19,toTimestamp(now()));
insert into user(user_id,name,surname,age) values (210,'Gracja','Stasiuk',38);
insert into activity(movie_id,user_id,name,surname,age,dttm) values(42,210,'Gracja','Stasiuk',38,toTimestamp(now()));
insert into activity(movie_id,user_id,name,surname,age,dttm) values(74,210,'Gracja','Stasiuk',38,toTimestamp(now()));
insert into user(user_id,name,surname,age) values (211,'Klementyna','Grześkiewicz',39);
insert into activity(movie_id,user_id,name,surname,age,dttm) values(66,211,'Klementyna','Grześkiewicz',39,toTimestamp(now()));
insert into activity(movie_id,user_id,name,surname,age,dttm) values(2,211,'Klementyna','Grześkiewicz',39,toTimestamp(now()));
insert into user(user_id,name,surname,age) values (212,'Marianna','Gomółka',23);
insert into activity(movie_id,user_id,name,surname,age,dttm) values(10,212,'Marianna','Gomółka',23,toTimestamp(now()));
insert into activity(movie_id,user_id,name,surname,age,dttm) values(19,212,'Marianna','Gomółka',23,toTimestamp(now()));
insert into user(user_id,name,surname,age) values (213,'Natalka','Krakowski',30);
insert into activity(movie_id,user_id,name,surname,age,dttm) values(61,213,'Natalka','Krakowski',30,toTimestamp(now()));
insert into activity(movie_id,user_id,name,surname,age,dttm) values(46,213,'Natalka','Krakowski',30,toTimestamp(now()));
insert into user(user_id,name,surname,age) values (214,'Romuald','Gniewek',33);
insert into activity(movie_id,user_id,name,surname,age,dttm) values(86,214,'Romuald','Gniewek',33,toTimestamp(now()));
insert into activity(movie_id,user_id,name,surname,age,dttm) values(78,214,'Romuald','Gniewek',33,toTimestamp(now()));
insert into user(user_id,name,surname,age) values (215,'Łucja','Wyrzykowski',34);
insert into activity(movie_id,user_id,name,surname,age,dttm) values(53,215,'Łucja','Wyrzykowski',34,toTimestamp(now()));
insert into activity(movie_id,user_id,name,surname,age,dttm) values(10,215,'Łucja','Wyrzykowski',34,toTimestamp(now()));
insert into user(user_id,name,surname,age) values (216,'Wiktor','Sówka',24);
insert into activity(movie_id,user_id,name,surname,age,dttm) values(34,216,'Wiktor','Sówka',24,toTimestamp(now()));
insert into activity(movie_id,user_id,name,surname,age,dttm) values(77,216,'Wiktor','Sówka',24,toTimestamp(now()));
insert into user(user_id,name,surname,age) values (217,'Tadeusz','Bukoski',30);
insert into activity(movie_id,user_id,name,surname,age,dttm) values(20,217,'Tadeusz','Bukoski',30,toTimestamp(now()));
insert into activity(movie_id,user_id,name,surname,age,dttm) values(55,217,'Tadeusz','Bukoski',30,toTimestamp(now()));
insert into user(user_id,name,surname,age) values (218,'Bronisław','Stawski',28);
insert into activity(movie_id,user_id,name,surname,age,dttm) values(78,218,'Bronisław','Stawski',28,toTimestamp(now()));
insert into activity(movie_id,user_id,name,surname,age,dttm) values(83,218,'Bronisław','Stawski',28,toTimestamp(now()));
insert into user(user_id,name,surname,age) values (219,'Iwo','Szwedko',31);
insert into activity(movie_id,user_id,name,surname,age,dttm) values(100,219,'Iwo','Szwedko',31,toTimestamp(now()));
insert into activity(movie_id,user_id,name,surname,age,dttm) values(25,219,'Iwo','Szwedko',31,toTimestamp(now()));
insert into user(user_id,name,surname,age) values (220,'Bogna','Ziętek',39);
insert into activity(movie_id,user_id,name,surname,age,dttm) values(26,220,'Bogna','Ziętek',39,toTimestamp(now()));
insert into activity(movie_id,user_id,name,surname,age,dttm) values(59,220,'Bogna','Ziętek',39,toTimestamp(now()));
insert into user(user_id,name,surname,age) values (221,'Marzena','Gorecki',25);
insert into activity(movie_id,user_id,name,surname,age,dttm) values(23,221,'Marzena','Gorecki',25,toTimestamp(now()));
insert into activity(movie_id,user_id,name,surname,age,dttm) values(38,221,'Marzena','Gorecki',25,toTimestamp(now()));
insert into user(user_id,name,surname,age) values (222,'Dymitr','Winogrodzki',30);
insert into activity(movie_id,user_id,name,surname,age,dttm) values(89,222,'Dymitr','Winogrodzki',30,toTimestamp(now()));
insert into activity(movie_id,user_id,name,surname,age,dttm) values(1,222,'Dymitr','Winogrodzki',30,toTimestamp(now()));
insert into user(user_id,name,surname,age) values (223,'Arnold','Bosko',21);
insert into activity(movie_id,user_id,name,surname,age,dttm) values(63,223,'Arnold','Bosko',21,toTimestamp(now()));
insert into activity(movie_id,user_id,name,surname,age,dttm) values(72,223,'Arnold','Bosko',21,toTimestamp(now()));
insert into user(user_id,name,surname,age) values (224,'Ziemowit','Nosek',38);
insert into activity(movie_id,user_id,name,surname,age,dttm) values(77,224,'Ziemowit','Nosek',38,toTimestamp(now()));
insert into activity(movie_id,user_id,name,surname,age,dttm) values(40,224,'Ziemowit','Nosek',38,toTimestamp(now()));
insert into user(user_id,name,surname,age) values (225,'Janina','Dubanowski',36);
insert into activity(movie_id,user_id,name,surname,age,dttm) values(29,225,'Janina','Dubanowski',36,toTimestamp(now()));
insert into activity(movie_id,user_id,name,surname,age,dttm) values(83,225,'Janina','Dubanowski',36,toTimestamp(now()));
insert into user(user_id,name,surname,age) values (226,'Olimpia','Rudaski',37);
insert into activity(movie_id,user_id,name,surname,age,dttm) values(77,226,'Olimpia','Rudaski',37,toTimestamp(now()));
insert into activity(movie_id,user_id,name,surname,age,dttm) values(21,226,'Olimpia','Rudaski',37,toTimestamp(now()));
insert into user(user_id,name,surname,age) values (227,'Remigiusz','Wojciechowski',15);
insert into activity(movie_id,user_id,name,surname,age,dttm) values(82,227,'Remigiusz','Wojciechowski',15,toTimestamp(now()));
insert into activity(movie_id,user_id,name,surname,age,dttm) values(11,227,'Remigiusz','Wojciechowski',15,toTimestamp(now()));
insert into user(user_id,name,surname,age) values (228,'Włodzimierz','Mencher',23);
insert into activity(movie_id,user_id,name,surname,age,dttm) values(33,228,'Włodzimierz','Mencher',23,toTimestamp(now()));
insert into activity(movie_id,user_id,name,surname,age,dttm) values(98,228,'Włodzimierz','Mencher',23,toTimestamp(now()));
insert into user(user_id,name,surname,age) values (229,'Tymoteusz','Janda',36);
insert into activity(movie_id,user_id,name,surname,age,dttm) values(85,229,'Tymoteusz','Janda',36,toTimestamp(now()));
insert into activity(movie_id,user_id,name,surname,age,dttm) values(60,229,'Tymoteusz','Janda',36,toTimestamp(now()));
insert into user(user_id,name,surname,age) values (230,'Kalina','Wyrzykowski',32);
insert into activity(movie_id,user_id,name,surname,age,dttm) values(21,230,'Kalina','Wyrzykowski',32,toTimestamp(now()));
insert into activity(movie_id,user_id,name,surname,age,dttm) values(10,230,'Kalina','Wyrzykowski',32,toTimestamp(now()));
insert into user(user_id,name,surname,age) values (231,'Witek','Woźniak',27);
insert into activity(movie_id,user_id,name,surname,age,dttm) values(9,231,'Witek','Woźniak',27,toTimestamp(now()));
insert into activity(movie_id,user_id,name,surname,age,dttm) values(4,231,'Witek','Woźniak',27,toTimestamp(now()));
insert into user(user_id,name,surname,age) values (232,'Kacper','Śniegowski',18);
insert into activity(movie_id,user_id,name,surname,age,dttm) values(19,232,'Kacper','Śniegowski',18,toTimestamp(now()));
insert into activity(movie_id,user_id,name,surname,age,dttm) values(67,232,'Kacper','Śniegowski',18,toTimestamp(now()));
insert into user(user_id,name,surname,age) values (233,'Serafin','Stankiewicz',24);
insert into activity(movie_id,user_id,name,surname,age,dttm) values(85,233,'Serafin','Stankiewicz',24,toTimestamp(now()));
insert into activity(movie_id,user_id,name,surname,age,dttm) values(79,233,'Serafin','Stankiewicz',24,toTimestamp(now()));
insert into user(user_id,name,surname,age) values (234,'Wera','Wasilewski',39);
insert into activity(movie_id,user_id,name,surname,age,dttm) values(69,234,'Wera','Wasilewski',39,toTimestamp(now()));
insert into activity(movie_id,user_id,name,surname,age,dttm) values(65,234,'Wera','Wasilewski',39,toTimestamp(now()));
insert into user(user_id,name,surname,age) values (235,'Albin','Kumięga',33);
insert into activity(movie_id,user_id,name,surname,age,dttm) values(97,235,'Albin','Kumięga',33,toTimestamp(now()));
insert into activity(movie_id,user_id,name,surname,age,dttm) values(89,235,'Albin','Kumięga',33,toTimestamp(now()));
insert into user(user_id,name,surname,age) values (236,'Sebastian','Stawski',19);
insert into activity(movie_id,user_id,name,surname,age,dttm) values(45,236,'Sebastian','Stawski',19,toTimestamp(now()));
insert into activity(movie_id,user_id,name,surname,age,dttm) values(87,236,'Sebastian','Stawski',19,toTimestamp(now()));
insert into user(user_id,name,surname,age) values (237,'Zuzia','Żuraw',34);
insert into activity(movie_id,user_id,name,surname,age,dttm) values(19,237,'Zuzia','Żuraw',34,toTimestamp(now()));
insert into activity(movie_id,user_id,name,surname,age,dttm) values(55,237,'Zuzia','Żuraw',34,toTimestamp(now()));
insert into user(user_id,name,surname,age) values (238,'Świętomierz','Nosek',33);
insert into activity(movie_id,user_id,name,surname,age,dttm) values(79,238,'Świętomierz','Nosek',33,toTimestamp(now()));
insert into activity(movie_id,user_id,name,surname,age,dttm) values(6,238,'Świętomierz','Nosek',33,toTimestamp(now()));
insert into user(user_id,name,surname,age) values (239,'Danka','Musiał',30);
insert into activity(movie_id,user_id,name,surname,age,dttm) values(24,239,'Danka','Musiał',30,toTimestamp(now()));
insert into activity(movie_id,user_id,name,surname,age,dttm) values(47,239,'Danka','Musiał',30,toTimestamp(now()));
insert into user(user_id,name,surname,age) values (240,'Aleksandra','Grześkiewicz',18);
insert into activity(movie_id,user_id,name,surname,age,dttm) values(43,240,'Aleksandra','Grześkiewicz',18,toTimestamp(now()));
insert into activity(movie_id,user_id,name,surname,age,dttm) values(92,240,'Aleksandra','Grześkiewicz',18,toTimestamp(now()));
insert into user(user_id,name,surname,age) values (241,'Martyna','Kamiński',22);
insert into activity(movie_id,user_id,name,surname,age,dttm) values(69,241,'Martyna','Kamiński',22,toTimestamp(now()));
insert into activity(movie_id,user_id,name,surname,age,dttm) values(48,241,'Martyna','Kamiński',22,toTimestamp(now()));
insert into user(user_id,name,surname,age) values (242,'Oliwia','Kaczka',27);
insert into activity(movie_id,user_id,name,surname,age,dttm) values(86,242,'Oliwia','Kaczka',27,toTimestamp(now()));
insert into activity(movie_id,user_id,name,surname,age,dttm) values(57,242,'Oliwia','Kaczka',27,toTimestamp(now()));
insert into user(user_id,name,surname,age) values (243,'Przemysł','Bukoski',20);
insert into activity(movie_id,user_id,name,surname,age,dttm) values(97,243,'Przemysł','Bukoski',20,toTimestamp(now()));
insert into activity(movie_id,user_id,name,surname,age,dttm) values(56,243,'Przemysł','Bukoski',20,toTimestamp(now()));
insert into user(user_id,name,surname,age) values (244,'Tadeusz','Grześkiewicz',29);
insert into activity(movie_id,user_id,name,surname,age,dttm) values(12,244,'Tadeusz','Grześkiewicz',29,toTimestamp(now()));
insert into activity(movie_id,user_id,name,surname,age,dttm) values(36,244,'Tadeusz','Grześkiewicz',29,toTimestamp(now()));
insert into user(user_id,name,surname,age) values (245,'Kewin','Mikolajczak',40);
insert into activity(movie_id,user_id,name,surname,age,dttm) values(86,245,'Kewin','Mikolajczak',40,toTimestamp(now()));
insert into activity(movie_id,user_id,name,surname,age,dttm) values(33,245,'Kewin','Mikolajczak',40,toTimestamp(now()));
insert into user(user_id,name,surname,age) values (246,'Adrianna','Filipowski',34);
insert into activity(movie_id,user_id,name,surname,age,dttm) values(91,246,'Adrianna','Filipowski',34,toTimestamp(now()));
insert into activity(movie_id,user_id,name,surname,age,dttm) values(83,246,'Adrianna','Filipowski',34,toTimestamp(now()));
insert into user(user_id,name,surname,age) values (247,'Wojciech','Szewc',30);
insert into activity(movie_id,user_id,name,surname,age,dttm) values(57,247,'Wojciech','Szewc',30,toTimestamp(now()));
insert into activity(movie_id,user_id,name,surname,age,dttm) values(82,247,'Wojciech','Szewc',30,toTimestamp(now()));
insert into user(user_id,name,surname,age) values (248,'Mira','Gomułka',18);
insert into activity(movie_id,user_id,name,surname,age,dttm) values(90,248,'Mira','Gomułka',18,toTimestamp(now()));
insert into activity(movie_id,user_id,name,surname,age,dttm) values(86,248,'Mira','Gomułka',18,toTimestamp(now()));
insert into user(user_id,name,surname,age) values (249,'Jacek','Górka',23);
insert into activity(movie_id,user_id,name,surname,age,dttm) values(33,249,'Jacek','Górka',23,toTimestamp(now()));
insert into activity(movie_id,user_id,name,surname,age,dttm) values(76,249,'Jacek','Górka',23,toTimestamp(now()));
insert into user(user_id,name,surname,age) values (250,'Renia','Pakulski',22);
insert into activity(movie_id,user_id,name,surname,age,dttm) values(31,250,'Renia','Pakulski',22,toTimestamp(now()));
insert into activity(movie_id,user_id,name,surname,age,dttm) values(97,250,'Renia','Pakulski',22,toTimestamp(now()));
insert into user(user_id,name,surname,age) values (251,'Kalina','Andrysiak',16);
insert into activity(movie_id,user_id,name,surname,age,dttm) values(7,251,'Kalina','Andrysiak',16,toTimestamp(now()));
insert into activity(movie_id,user_id,name,surname,age,dttm) values(86,251,'Kalina','Andrysiak',16,toTimestamp(now()));
insert into user(user_id,name,surname,age) values (252,'Danka','Górka',19);
insert into activity(movie_id,user_id,name,surname,age,dttm) values(72,252,'Danka','Górka',19,toTimestamp(now()));
insert into activity(movie_id,user_id,name,surname,age,dttm) values(90,252,'Danka','Górka',19,toTimestamp(now()));
insert into user(user_id,name,surname,age) values (253,'Maria','Stasiuk',34);
insert into activity(movie_id,user_id,name,surname,age,dttm) values(3,253,'Maria','Stasiuk',34,toTimestamp(now()));
insert into activity(movie_id,user_id,name,surname,age,dttm) values(58,253,'Maria','Stasiuk',34,toTimestamp(now()));
insert into user(user_id,name,surname,age) values (254,'Marceli','Dubicki',32);
insert into activity(movie_id,user_id,name,surname,age,dttm) values(32,254,'Marceli','Dubicki',32,toTimestamp(now()));
insert into activity(movie_id,user_id,name,surname,age,dttm) values(39,254,'Marceli','Dubicki',32,toTimestamp(now()));
insert into user(user_id,name,surname,age) values (255,'Wisław','Majewski',23);
insert into activity(movie_id,user_id,name,surname,age,dttm) values(100,255,'Wisław','Majewski',23,toTimestamp(now()));
insert into activity(movie_id,user_id,name,surname,age,dttm) values(17,255,'Wisław','Majewski',23,toTimestamp(now()));
insert into user(user_id,name,surname,age) values (256,'Jacek','Janowski',15);
insert into activity(movie_id,user_id,name,surname,age,dttm) values(11,256,'Jacek','Janowski',15,toTimestamp(now()));
insert into activity(movie_id,user_id,name,surname,age,dttm) values(29,256,'Jacek','Janowski',15,toTimestamp(now()));
insert into user(user_id,name,surname,age) values (257,'Mieszko','Szymański',31);
insert into activity(movie_id,user_id,name,surname,age,dttm) values(8,257,'Mieszko','Szymański',31,toTimestamp(now()));
insert into activity(movie_id,user_id,name,surname,age,dttm) values(67,257,'Mieszko','Szymański',31,toTimestamp(now()));
insert into user(user_id,name,surname,age) values (258,'Juliusz','Walentowicz',20);
insert into activity(movie_id,user_id,name,surname,age,dttm) values(8,258,'Juliusz','Walentowicz',20,toTimestamp(now()));
insert into activity(movie_id,user_id,name,surname,age,dttm) values(54,258,'Juliusz','Walentowicz',20,toTimestamp(now()));
insert into user(user_id,name,surname,age) values (259,'Danka','Miazga',22);
insert into activity(movie_id,user_id,name,surname,age,dttm) values(27,259,'Danka','Miazga',22,toTimestamp(now()));
insert into activity(movie_id,user_id,name,surname,age,dttm) values(63,259,'Danka','Miazga',22,toTimestamp(now()));
insert into user(user_id,name,surname,age) values (260,'Adolf','Dunajski',21);
insert into activity(movie_id,user_id,name,surname,age,dttm) values(2,260,'Adolf','Dunajski',21,toTimestamp(now()));
insert into activity(movie_id,user_id,name,surname,age,dttm) values(86,260,'Adolf','Dunajski',21,toTimestamp(now()));
insert into user(user_id,name,surname,age) values (261,'Julek','Zawisza',36);
insert into activity(movie_id,user_id,name,surname,age,dttm) values(63,261,'Julek','Zawisza',36,toTimestamp(now()));
insert into activity(movie_id,user_id,name,surname,age,dttm) values(100,261,'Julek','Zawisza',36,toTimestamp(now()));
insert into user(user_id,name,surname,age) values (262,'Franciszek','Pakulski',27);
insert into activity(movie_id,user_id,name,surname,age,dttm) values(62,262,'Franciszek','Pakulski',27,toTimestamp(now()));
insert into activity(movie_id,user_id,name,surname,age,dttm) values(47,262,'Franciszek','Pakulski',27,toTimestamp(now()));
insert into user(user_id,name,surname,age) values (263,'Kamilla','Żuraw',35);
insert into activity(movie_id,user_id,name,surname,age,dttm) values(59,263,'Kamilla','Żuraw',35,toTimestamp(now()));
insert into activity(movie_id,user_id,name,surname,age,dttm) values(63,263,'Kamilla','Żuraw',35,toTimestamp(now()));
insert into user(user_id,name,surname,age) values (264,'Hipolit','Ostrowski',13);
insert into activity(movie_id,user_id,name,surname,age,dttm) values(11,264,'Hipolit','Ostrowski',13,toTimestamp(now()));
insert into activity(movie_id,user_id,name,surname,age,dttm) values(65,264,'Hipolit','Ostrowski',13,toTimestamp(now()));
insert into user(user_id,name,surname,age) values (265,'Gracjan','Wójcik',33);
insert into activity(movie_id,user_id,name,surname,age,dttm) values(83,265,'Gracjan','Wójcik',33,toTimestamp(now()));
insert into activity(movie_id,user_id,name,surname,age,dttm) values(84,265,'Gracjan','Wójcik',33,toTimestamp(now()));
insert into user(user_id,name,surname,age) values (266,'Malina','Brzezicki',19);
insert into activity(movie_id,user_id,name,surname,age,dttm) values(99,266,'Malina','Brzezicki',19,toTimestamp(now()));
insert into activity(movie_id,user_id,name,surname,age,dttm) values(89,266,'Malina','Brzezicki',19,toTimestamp(now()));
insert into user(user_id,name,surname,age) values (267,'Brygida','Jaskulski',13);
insert into activity(movie_id,user_id,name,surname,age,dttm) values(73,267,'Brygida','Jaskulski',13,toTimestamp(now()));
insert into activity(movie_id,user_id,name,surname,age,dttm) values(95,267,'Brygida','Jaskulski',13,toTimestamp(now()));
insert into user(user_id,name,surname,age) values (268,'Bruno','Broż',28);
insert into activity(movie_id,user_id,name,surname,age,dttm) values(34,268,'Bruno','Broż',28,toTimestamp(now()));
insert into activity(movie_id,user_id,name,surname,age,dttm) values(97,268,'Bruno','Broż',28,toTimestamp(now()));
insert into user(user_id,name,surname,age) values (269,'Ariadna','Musiał',27);
insert into activity(movie_id,user_id,name,surname,age,dttm) values(77,269,'Ariadna','Musiał',27,toTimestamp(now()));
insert into activity(movie_id,user_id,name,surname,age,dttm) values(36,269,'Ariadna','Musiał',27,toTimestamp(now()));
insert into user(user_id,name,surname,age) values (270,'Miriam','Zawisza',31);
insert into activity(movie_id,user_id,name,surname,age,dttm) values(35,270,'Miriam','Zawisza',31,toTimestamp(now()));
insert into activity(movie_id,user_id,name,surname,age,dttm) values(97,270,'Miriam','Zawisza',31,toTimestamp(now()));
insert into user(user_id,name,surname,age) values (271,'Joachim','Budny',14);
insert into activity(movie_id,user_id,name,surname,age,dttm) values(30,271,'Joachim','Budny',14,toTimestamp(now()));
insert into activity(movie_id,user_id,name,surname,age,dttm) values(46,271,'Joachim','Budny',14,toTimestamp(now()));
insert into user(user_id,name,surname,age) values (272,'Lechosława','Jedynak',36);
insert into activity(movie_id,user_id,name,surname,age,dttm) values(5,272,'Lechosława','Jedynak',36,toTimestamp(now()));
insert into activity(movie_id,user_id,name,surname,age,dttm) values(59,272,'Lechosława','Jedynak',36,toTimestamp(now()));
insert into user(user_id,name,surname,age) values (273,'Celina','Kosmatka',30);
insert into activity(movie_id,user_id,name,surname,age,dttm) values(45,273,'Celina','Kosmatka',30,toTimestamp(now()));
insert into activity(movie_id,user_id,name,surname,age,dttm) values(60,273,'Celina','Kosmatka',30,toTimestamp(now()));
insert into user(user_id,name,surname,age) values (274,'Bogumił','Kamiński',14);
insert into activity(movie_id,user_id,name,surname,age,dttm) values(65,274,'Bogumił','Kamiński',14,toTimestamp(now()));
insert into activity(movie_id,user_id,name,surname,age,dttm) values(54,274,'Bogumił','Kamiński',14,toTimestamp(now()));
insert into user(user_id,name,surname,age) values (275,'Krzysiek','Andrysiak',35);
insert into activity(movie_id,user_id,name,surname,age,dttm) values(27,275,'Krzysiek','Andrysiak',35,toTimestamp(now()));
insert into activity(movie_id,user_id,name,surname,age,dttm) values(54,275,'Krzysiek','Andrysiak',35,toTimestamp(now()));
insert into user(user_id,name,surname,age) values (276,'Maria','Kowalski',35);
insert into activity(movie_id,user_id,name,surname,age,dttm) values(78,276,'Maria','Kowalski',35,toTimestamp(now()));
insert into activity(movie_id,user_id,name,surname,age,dttm) values(24,276,'Maria','Kowalski',35,toTimestamp(now()));
insert into user(user_id,name,surname,age) values (277,'Miłogost','Gomółka',38);
insert into activity(movie_id,user_id,name,surname,age,dttm) values(93,277,'Miłogost','Gomółka',38,toTimestamp(now()));
insert into activity(movie_id,user_id,name,surname,age,dttm) values(82,277,'Miłogost','Gomółka',38,toTimestamp(now()));
insert into user(user_id,name,surname,age) values (278,'Mirosław','Wyrzykowski',27);
insert into activity(movie_id,user_id,name,surname,age,dttm) values(86,278,'Mirosław','Wyrzykowski',27,toTimestamp(now()));
insert into activity(movie_id,user_id,name,surname,age,dttm) values(8,278,'Mirosław','Wyrzykowski',27,toTimestamp(now()));
insert into user(user_id,name,surname,age) values (279,'Inga','Bartosz',18);
insert into activity(movie_id,user_id,name,surname,age,dttm) values(72,279,'Inga','Bartosz',18,toTimestamp(now()));
insert into activity(movie_id,user_id,name,surname,age,dttm) values(47,279,'Inga','Bartosz',18,toTimestamp(now()));
insert into user(user_id,name,surname,age) values (280,'Bogusława','Malinowski',21);
insert into activity(movie_id,user_id,name,surname,age,dttm) values(65,280,'Bogusława','Malinowski',21,toTimestamp(now()));
insert into activity(movie_id,user_id,name,surname,age,dttm) values(39,280,'Bogusława','Malinowski',21,toTimestamp(now()));
insert into user(user_id,name,surname,age) values (281,'Sabina','Kaczka',18);
insert into activity(movie_id,user_id,name,surname,age,dttm) values(92,281,'Sabina','Kaczka',18,toTimestamp(now()));
insert into activity(movie_id,user_id,name,surname,age,dttm) values(4,281,'Sabina','Kaczka',18,toTimestamp(now()));
insert into user(user_id,name,surname,age) values (282,'Olga','Szwedko',29);
insert into activity(movie_id,user_id,name,surname,age,dttm) values(65,282,'Olga','Szwedko',29,toTimestamp(now()));
insert into activity(movie_id,user_id,name,surname,age,dttm) values(47,282,'Olga','Szwedko',29,toTimestamp(now()));
insert into user(user_id,name,surname,age) values (283,'Stanisława','Gwózdek',23);
insert into activity(movie_id,user_id,name,surname,age,dttm) values(77,283,'Stanisława','Gwózdek',23,toTimestamp(now()));
insert into activity(movie_id,user_id,name,surname,age,dttm) values(48,283,'Stanisława','Gwózdek',23,toTimestamp(now()));
insert into user(user_id,name,surname,age) values (284,'Aleksy','Łaska',33);
insert into activity(movie_id,user_id,name,surname,age,dttm) values(68,284,'Aleksy','Łaska',33,toTimestamp(now()));
insert into activity(movie_id,user_id,name,surname,age,dttm) values(23,284,'Aleksy','Łaska',33,toTimestamp(now()));
insert into user(user_id,name,surname,age) values (285,'Celina','Budny',34);
insert into activity(movie_id,user_id,name,surname,age,dttm) values(70,285,'Celina','Budny',34,toTimestamp(now()));
insert into activity(movie_id,user_id,name,surname,age,dttm) values(57,285,'Celina','Budny',34,toTimestamp(now()));
insert into user(user_id,name,surname,age) values (286,'Genowefa','Starosta',22);
insert into activity(movie_id,user_id,name,surname,age,dttm) values(7,286,'Genowefa','Starosta',22,toTimestamp(now()));
insert into activity(movie_id,user_id,name,surname,age,dttm) values(22,286,'Genowefa','Starosta',22,toTimestamp(now()));
insert into user(user_id,name,surname,age) values (287,'Bernard','Sokołowski',40);
insert into activity(movie_id,user_id,name,surname,age,dttm) values(38,287,'Bernard','Sokołowski',40,toTimestamp(now()));
insert into activity(movie_id,user_id,name,surname,age,dttm) values(45,287,'Bernard','Sokołowski',40,toTimestamp(now()));
insert into user(user_id,name,surname,age) values (288,'Wisława','Wrona',22);
insert into activity(movie_id,user_id,name,surname,age,dttm) values(14,288,'Wisława','Wrona',22,toTimestamp(now()));
insert into activity(movie_id,user_id,name,surname,age,dttm) values(53,288,'Wisława','Wrona',22,toTimestamp(now()));
insert into user(user_id,name,surname,age) values (289,'Wiesława','Dunajski',29);
insert into activity(movie_id,user_id,name,surname,age,dttm) values(19,289,'Wiesława','Dunajski',29,toTimestamp(now()));
insert into activity(movie_id,user_id,name,surname,age,dttm) values(80,289,'Wiesława','Dunajski',29,toTimestamp(now()));
insert into user(user_id,name,surname,age) values (290,'Kamil','Chmiel',19);
insert into activity(movie_id,user_id,name,surname,age,dttm) values(7,290,'Kamil','Chmiel',19,toTimestamp(now()));
insert into activity(movie_id,user_id,name,surname,age,dttm) values(71,290,'Kamil','Chmiel',19,toTimestamp(now()));
insert into user(user_id,name,surname,age) values (291,'Ola','Gorecki',22);
insert into activity(movie_id,user_id,name,surname,age,dttm) values(34,291,'Ola','Gorecki',22,toTimestamp(now()));
insert into activity(movie_id,user_id,name,surname,age,dttm) values(18,291,'Ola','Gorecki',22,toTimestamp(now()));
insert into user(user_id,name,surname,age) values (292,'Ula','Skała',27);
insert into activity(movie_id,user_id,name,surname,age,dttm) values(30,292,'Ula','Skała',27,toTimestamp(now()));
insert into activity(movie_id,user_id,name,surname,age,dttm) values(17,292,'Ula','Skała',27,toTimestamp(now()));
insert into user(user_id,name,surname,age) values (293,'Maurycy','Stankiewicz',36);
insert into activity(movie_id,user_id,name,surname,age,dttm) values(6,293,'Maurycy','Stankiewicz',36,toTimestamp(now()));
insert into activity(movie_id,user_id,name,surname,age,dttm) values(67,293,'Maurycy','Stankiewicz',36,toTimestamp(now()));
insert into user(user_id,name,surname,age) values (294,'Jonatan','Jedynak',16);
insert into activity(movie_id,user_id,name,surname,age,dttm) values(6,294,'Jonatan','Jedynak',16,toTimestamp(now()));
insert into activity(movie_id,user_id,name,surname,age,dttm) values(36,294,'Jonatan','Jedynak',16,toTimestamp(now()));
insert into user(user_id,name,surname,age) values (295,'Szczęsny','Ząbek',22);
insert into activity(movie_id,user_id,name,surname,age,dttm) values(50,295,'Szczęsny','Ząbek',22,toTimestamp(now()));
insert into activity(movie_id,user_id,name,surname,age,dttm) values(35,295,'Szczęsny','Ząbek',22,toTimestamp(now()));
insert into user(user_id,name,surname,age) values (296,'Maksym','Mencher',28);
insert into activity(movie_id,user_id,name,surname,age,dttm) values(70,296,'Maksym','Mencher',28,toTimestamp(now()));
insert into activity(movie_id,user_id,name,surname,age,dttm) values(27,296,'Maksym','Mencher',28,toTimestamp(now()));
insert into user(user_id,name,surname,age) values (297,'Rozalia','Jeleń',18);
insert into activity(movie_id,user_id,name,surname,age,dttm) values(38,297,'Rozalia','Jeleń',18,toTimestamp(now()));
insert into activity(movie_id,user_id,name,surname,age,dttm) values(66,297,'Rozalia','Jeleń',18,toTimestamp(now()));
insert into user(user_id,name,surname,age) values (298,'Marcelina','Mencher',24);
insert into activity(movie_id,user_id,name,surname,age,dttm) values(25,298,'Marcelina','Mencher',24,toTimestamp(now()));
insert into activity(movie_id,user_id,name,surname,age,dttm) values(11,298,'Marcelina','Mencher',24,toTimestamp(now()));
insert into user(user_id,name,surname,age) values (299,'Lesława','Popławski',21);
insert into activity(movie_id,user_id,name,surname,age,dttm) values(43,299,'Lesława','Popławski',21,toTimestamp(now()));
insert into activity(movie_id,user_id,name,surname,age,dttm) values(88,299,'Lesława','Popławski',21,toTimestamp(now()));
